rep,estimator,minvar_true_var,frobenius,mv_relative_to_sample,mv_relative_to_lw,regime,N,T,N_T_ratio
0,Sample,0.010496961615819863,6.371664120398484,0.0,0.36117097289738986,dispersed_eigs,100,252,2.52
0,LW,0.007711714270159626,6.012679329169599,-0.2653384329292601,0.0,dispersed_eigs,100,252,2.52
0,NLS,0.007308013103152874,5.523395824995938,-0.30379729195741345,-0.05234908255987499,dispersed_eigs,100,252,2.52
0,POET,0.008318927704255073,8.703665792407998,-0.20749184299981602,0.0787390990930578,dispersed_eigs,100,252,2.52
1,Sample,0.010642348904860347,6.870841207486812,0.0,0.3054700638600735,dispersed_eigs,100,252,2.52
1,LW,0.00815212022050706,5.489109766788843,-0.2339923927147327,0.0,dispersed_eigs,100,252,2.52
1,NLS,0.007737848843017003,5.591112576487563,-0.27291907903121493,-0.05081762367143905,dispersed_eigs,100,252,2.52
1,POET,0.007981660357135824,7.610587228330935,-0.2500095205964719,-0.02090988095862902,dispersed_eigs,100,252,2.52
2,Sample,0.01014185930427308,6.293823158090721,0.0,0.36331189016766646,dispersed_eigs,100,252,2.52
2,LW,0.007439133610890599,5.626473402260358,-0.26649213051533255,0.0,dispersed_eigs,100,252,2.52
2,NLS,0.00723873465496349,5.159829590585931,-0.2862517179750673,-0.026938480528664394,dispersed_eigs,100,252,2.52
2,POET,0.00822207423442678,7.48036928695038,-0.18929320672368585,0.10524621071329947,dispersed_eigs,100,252,2.52
3,Sample,0.010110687430500557,6.513414389302732,0.0,0.3531946665322462,dispersed_eigs,100,252,2.52
3,LW,0.007471716878999111,5.365513340632693,-0.2610080243941234,0.0,dispersed_eigs,100,252,2.52
3,NLS,0.007007323276817936,5.348810870195395,-0.3069389865936129,-0.06215353307704346,dispersed_eigs,100,252,2.52
3,POET,0.007390229362959761,8.073653381577452,-0.2690675669919422,-0.0109061300580578,dispersed_eigs,100,252,2.52
4,Sample,0.01052343089111341,6.313383616583986,0.0,0.3165849934408831,dispersed_eigs,100,252,2.52
4,LW,0.007992974964427111,5.531427726713739,-0.24045921457261263,0.0,dispersed_eigs,100,252,2.52
4,NLS,0.007428592450742487,5.158810295238736,-0.2940902517813257,-0.07060981877166125,dispersed_eigs,100,252,2.52
4,POET,0.008467326442841335,8.588254604792843,-0.19538347042392495,0.05934604831434289,dispersed_eigs,100,252,2.52
5,Sample,0.011666717903550368,6.610009243639559,0.0,0.4017452681670385,dispersed_eigs,100,252,2.52
5,LW,0.00832299431893649,5.89967206103198,-0.28660361999464556,0.0,dispersed_eigs,100,252,2.52
5,NLS,0.007829966207073207,5.5936719787272375,-0.32886298684821863,-0.059236867522731024,dispersed_eigs,100,252,2.52
5,POET,0.00824405462829689,6.3306210912650815,-0.29336984947685313,-0.009484530160016743,dispersed_eigs,100,252,2.52
6,Sample,0.010074855263276502,6.273343041082198,0.0,0.3585957982439426,dispersed_eigs,100,252,2.52
6,LW,0.007415638467525653,5.356396433176099,-0.2639459055500148,0.0,dispersed_eigs,100,252,2.52
6,NLS,0.006873321955710464,5.052379315905828,-0.3177746204688254,-0.0731314659135671,dispersed_eigs,100,252,2.52
6,POET,0.0077551658222084945,8.886782250524766,-0.2302454358350363,0.045785316553617006,dispersed_eigs,100,252,2.52
7,Sample,0.010935066557397649,6.2714922627934895,0.0,0.3541433115927161,dispersed_eigs,100,252,2.52
7,LW,0.008075265345834071,5.392226378794784,-0.26152572520273343,0.0,dispersed_eigs,100,252,2.52
7,NLS,0.007653174105090544,5.047156157142918,-0.30012551227563233,-0.05226964349366905,dispersed_eigs,100,252,2.52
7,POET,0.008295660739902956,7.644267417497688,-0.24137080498235433,0.027292650412111145,dispersed_eigs,100,252,2.52
8,Sample,0.010370924119021855,6.617199450282152,0.0,0.3163295372588328,dispersed_eigs,100,252,2.52
8,LW,0.007878668544214698,5.6262645427424065,-0.2403118127376885,0.0,dispersed_eigs,100,252,2.52
8,NLS,0.0076125801950459,5.476530642337911,-0.26596896210210735,-0.03377326355024619,dispersed_eigs,100,252,2.52
8,POET,0.00872310824881661,7.166424954543621,-0.15888804616580887,0.10718050897343356,dispersed_eigs,100,252,2.52
9,Sample,0.011643150645791859,6.589506127891078,0.0,0.2544035675094497,dispersed_eigs,100,252,2.52
9,LW,0.009281822012758385,5.9076929767654365,-0.2028083896592818,0.0,dispersed_eigs,100,252,2.52
9,NLS,0.00894940905544045,5.568834119002922,-0.23135847609469853,-0.03581333027728989,dispersed_eigs,100,252,2.52
9,POET,0.009908940288744793,6.75971196623365,-0.14894682803695017,0.06756413505068286,dispersed_eigs,100,252,2.52
10,Sample,0.00924467574579434,6.758389820436195,0.0,0.22274470898084958,dispersed_eigs,100,252,2.52
10,LW,0.007560593538368056,6.276748136989537,-0.1821677962250239,0.0,dispersed_eigs,100,252,2.52
10,NLS,0.007312519036793666,5.993736553733391,-0.20900210695650043,-0.032811511466060934,dispersed_eigs,100,252,2.52
10,POET,0.007794756667555559,7.6497202770523876,-0.15683828379793519,0.030971527301287417,dispersed_eigs,100,252,2.52
11,Sample,0.009507486439706721,6.613874893199612,0.0,0.29968495776327564,dispersed_eigs,100,252,2.52
11,LW,0.007315223880153896,5.5960824941637215,-0.23058277005761899,0.0,dispersed_eigs,100,252,2.52
11,NLS,0.006662227078805892,5.396971004444911,-0.29926515056787156,-0.08926545681254888,dispersed_eigs,100,252,2.52
11,POET,0.007149677238956896,7.072419915650432,-0.24799501063738114,-0.02263042716247219,dispersed_eigs,100,252,2.52
12,Sample,0.011340022243638094,6.310051463157634,0.0,0.3488558976255964,dispersed_eigs,100,252,2.52
12,LW,0.008407141388194277,5.514740401501296,-0.2586309614241897,0.0,dispersed_eigs,100,252,2.52
12,NLS,0.0077347812507432175,5.245576806380508,-0.3179218625358046,-0.07997488163993778,dispersed_eigs,100,252,2.52
12,POET,0.009254940603230231,8.539115904401394,-0.18386927252965682,0.10084274498184075,dispersed_eigs,100,252,2.52
13,Sample,0.01021813914676437,6.053304862400249,0.0,0.2783722890449326,dispersed_eigs,100,252,2.52
13,LW,0.007993085609199419,5.3988217445645,-0.21775525911384044,0.0,dispersed_eigs,100,252,2.52
13,NLS,0.0076908525603692065,4.948849266797572,-0.2473333500449975,-0.037811811809242424,dispersed_eigs,100,252,2.52
13,POET,0.008507913314761261,7.3142975438046305,-0.16737155439350834,0.06440913193389493,dispersed_eigs,100,252,2.52
14,Sample,0.009243446329053755,6.409144928885713,0.0,0.23694037879614033,dispersed_eigs,100,252,2.52
14,LW,0.007472830936322085,5.897986717456863,-0.19155359697024685,0.0,dispersed_eigs,100,252,2.52
14,NLS,0.007236571401008387,5.453397954117361,-0.2171132775161373,-0.03161580093634208,dispersed_eigs,100,252,2.52
14,POET,0.008025547925722513,7.663107795328351,-0.13175804348029543,0.07396353458418535,dispersed_eigs,100,252,2.52
15,Sample,0.010440926321936474,6.374902927050951,0.0,0.3023304810980551,dispersed_eigs,100,252,2.52
15,LW,0.008017109691799001,5.596661288479897,-0.23214574601920265,0.0,dispersed_eigs,100,252,2.52
15,NLS,0.00768416478089587,5.361632895579311,-0.2640341916069865,-0.041529294683807706,dispersed_eigs,100,252,2.52
15,POET,0.008835165893828316,7.217059176693554,-0.15379482419432858,0.10203879371466433,dispersed_eigs,100,252,2.52
16,Sample,0.010696825064433688,6.2333411364629745,0.0,0.3551609421746308,dispersed_eigs,100,252,2.52
16,LW,0.007893398290588615,5.99522082858139,-0.2620802674586407,0.0,dispersed_eigs,100,252,2.52
16,NLS,0.007360508645083829,5.440888798810238,-0.31189782007774564,-0.06751080154414049,dispersed_eigs,100,252,2.52
16,POET,0.008958709432554588,5.719586211076057,-0.16248892745364524,0.13496229415360367,dispersed_eigs,100,252,2.52
17,Sample,0.009947293317670516,6.478676193515187,0.0,0.23686584033891778,dispersed_eigs,100,252,2.52
17,LW,0.008042338136644492,5.862493576371082,-0.19150487677306488,0.0,dispersed_eigs,100,252,2.52
17,NLS,0.0074966769381273335,5.546742482831407,-0.24636012041485417,-0.06784857702399778,dispersed_eigs,100,252,2.52
17,POET,0.008122841432015589,7.8515698187998355,-0.18341189179713285,0.010009936663106398,dispersed_eigs,100,252,2.52
18,Sample,0.01241774239383521,6.48001473078074,0.0,0.5270208843168834,dispersed_eigs,100,252,2.52
18,LW,0.008132005607369487,5.961840875834257,-0.3451301090440866,0.0,dispersed_eigs,100,252,2.52
18,NLS,0.007634611648033103,5.5411381568454345,-0.3851852127466175,-0.061164979877243286,dispersed_eigs,100,252,2.52
18,POET,0.008993895682094669,5.953235447047413,-0.2757221565040929,0.1059873930662454,dispersed_eigs,100,252,2.52
19,Sample,0.012228738390527552,6.230444298969439,0.0,0.5109680578150206,dispersed_eigs,100,252,2.52
19,LW,0.008093313639079357,5.8872361153508415,-0.33817264049507495,0.0,dispersed_eigs,100,252,2.52
19,NLS,0.0075342256438173955,5.388780817771201,-0.3838918289679459,-0.06908023341173262,dispersed_eigs,100,252,2.52
19,POET,0.008069763705679574,7.634800913742041,-0.34009842651221833,-0.0029098011580904392,dispersed_eigs,100,252,2.52
20,Sample,0.011921500443378684,6.309599285185757,0.0,0.3810415237343898,dispersed_eigs,100,252,2.52
20,LW,0.00863225343952185,5.67755429292399,-0.2759088102608521,0.0,dispersed_eigs,100,252,2.52
20,NLS,0.008273695715716968,5.188295417444326,-0.30598537029688594,-0.041536978300853025,dispersed_eigs,100,252,2.52
20,POET,0.008801601337381905,6.7788965084944826,-0.2617035599516,0.019618040532117912,dispersed_eigs,100,252,2.52
21,Sample,0.010018687409539444,6.700465290226206,0.0,0.29379216956876003,dispersed_eigs,100,252,2.52
21,LW,0.007743660570212618,6.24913839615513,-0.22707833335139543,0.0,dispersed_eigs,100,252,2.52
21,NLS,0.007325236231991193,5.7640559098731305,-0.26884272035313134,-0.054034436869685246,dispersed_eigs,100,252,2.52
21,POET,0.008271426946979733,7.901867207805293,-0.17440013757650838,0.06815463720055899,dispersed_eigs,100,252,2.52
22,Sample,0.010361878742860462,6.33034471655864,0.0,0.2958871003845416,dispersed_eigs,100,252,2.52
22,LW,0.007995973368193632,5.5605280944662665,-0.22832783835624265,0.0,dispersed_eigs,100,252,2.52
22,NLS,0.007577802563989363,5.175223324438812,-0.26868449708402375,-0.05229767345995274,dispersed_eigs,100,252,2.52
22,POET,0.008276822644383473,7.487949769434502,-0.2012237500765615,0.035123838369322646,dispersed_eigs,100,252,2.52
23,Sample,0.011665457305641273,6.1600956740885,0.0,0.43063629539995735,dispersed_eigs,100,252,2.52
23,LW,0.008154034217606654,5.479374041388705,-0.30101032441621794,0.0,dispersed_eigs,100,252,2.52
23,NLS,0.007496459026786764,5.061013520687361,-0.35737975542874195,-0.0806441539575608,dispersed_eigs,100,252,2.52
23,POET,0.00815783979703676,6.798490883442778,-0.3006840980771729,0.00046671124115326736,dispersed_eigs,100,252,2.52
24,Sample,0.009864209922997413,6.6869081383386915,0.0,0.4056133724772867,dispersed_eigs,100,252,2.52
24,LW,0.007017726293833199,6.182261263958845,-0.2885668139044693,0.0,dispersed_eigs,100,252,2.52
24,NLS,0.006496583735876792,5.6887480895047355,-0.3413984711810866,-0.07426088395815028,dispersed_eigs,100,252,2.52
24,POET,0.007162759975455173,6.991936531987307,-0.27386379331243565,0.02066676235997138,dispersed_eigs,100,252,2.52
25,Sample,0.010864816369528981,6.687266973330952,0.0,0.3161754189172317,dispersed_eigs,100,252,2.52
25,LW,0.008254839144820877,6.209839116170438,-0.24022285659865722,0.0,dispersed_eigs,100,252,2.52
25,NLS,0.007785979634965833,5.837358464418421,-0.2833767851979467,-0.05679814005209408,dispersed_eigs,100,252,2.52
25,POET,0.008189612633302073,6.5884581530879025,-0.24622631853490642,-0.007901609028896459,dispersed_eigs,100,252,2.52
26,Sample,0.010046457918930062,6.523895759195829,0.0,0.29558283157756965,dispersed_eigs,100,252,2.52
26,LW,0.007754392597729138,5.642705843966319,-0.22814661044686158,0.0,dispersed_eigs,100,252,2.52
26,NLS,0.007248938184905669,5.42843082165787,-0.27845831402460364,-0.06518297938274242,dispersed_eigs,100,252,2.52
26,POET,0.008010204783863073,7.521432835131982,-0.20268368727550973,0.032989326102582164,dispersed_eigs,100,252,2.52
27,Sample,0.011915039355321115,6.442962081399078,0.0,0.38327192201235155,dispersed_eigs,100,252,2.52
27,LW,0.008613663854311013,6.484831452580385,-0.2770763404600713,0.0,dispersed_eigs,100,252,2.52
27,NLS,0.008428519508170884,5.914699824699555,-0.29261505087628537,-0.021494261823029766,dispersed_eigs,100,252,2.52
27,POET,0.0096311191361309,8.57456634196865,-0.19168381665229187,0.11812108053307255,dispersed_eigs,100,252,2.52
28,Sample,0.010690529793707507,6.0936568752693585,0.0,0.35234574291216986,dispersed_eigs,100,252,2.52
28,LW,0.007905175026237221,5.671650323526471,-0.26054412842193825,0.0,dispersed_eigs,100,252,2.52
28,NLS,0.007522088435642937,5.183716723005864,-0.2963783291572255,-0.048460228815025874,dispersed_eigs,100,252,2.52
28,POET,0.008021029696655501,6.031273911691376,-0.24970699755434805,0.014655547794167665,dispersed_eigs,100,252,2.52
29,Sample,0.00969855673147146,6.430534425124475,0.0,0.2925216382274332,dispersed_eigs,100,252,2.52
29,LW,0.0075035933207060895,5.467515685025592,-0.2263185617755676,0.0,dispersed_eigs,100,252,2.52
29,NLS,0.00714334377158439,5.153106438653161,-0.2634632173254705,-0.04801027104275421,dispersed_eigs,100,252,2.52
29,POET,0.009123621419319206,8.809426457870257,-0.059280502044867164,0.21590030660945678,dispersed_eigs,100,252,2.52
30,Sample,0.013341183626110134,6.407661366222807,0.0,0.4337941303509505,dispersed_eigs,100,252,2.52
30,LW,0.009304811160612441,5.99520177547301,-0.3025498020728893,0.0,dispersed_eigs,100,252,2.52
30,NLS,0.008770937653224039,5.475422606541915,-0.34256675426771216,-0.05737607117147161,dispersed_eigs,100,252,2.52
30,POET,0.009782096269438151,7.646618916955449,-0.26677448241597285,0.05129444333551579,dispersed_eigs,100,252,2.52
31,Sample,0.00968767309456646,6.480945527666263,0.0,0.35118101295630605,dispersed_eigs,100,252,2.52
31,LW,0.00716978184393695,5.89704818654697,-0.2599067109357482,0.0,dispersed_eigs,100,252,2.52
31,NLS,0.006830553621073822,5.441069295893195,-0.2949231921435411,-0.04731360454851112,dispersed_eigs,100,252,2.52
31,POET,0.007878832420690849,7.069296185843519,-0.18671570109958993,0.09889430280971523,dispersed_eigs,100,252,2.52
32,Sample,0.011790900637305158,6.424968572690564,0.0,0.3578682733496538,dispersed_eigs,100,252,2.52
32,LW,0.008683390626852784,5.308707521844927,-0.2635515391097897,0.0,dispersed_eigs,100,252,2.52
32,NLS,0.008086168761102857,5.068748609376054,-0.314202620322397,-0.06877749618945618,dispersed_eigs,100,252,2.52
32,POET,0.009501704344272954,6.712753951330908,-0.19414940074971293,0.09423896178177116,dispersed_eigs,100,252,2.52
33,Sample,0.010211001631990803,6.386160046937951,0.0,0.36953871963823415,dispersed_eigs,100,252,2.52
33,LW,0.007455796236770914,5.428495531032827,-0.2698271427739176,0.0,dispersed_eigs,100,252,2.52
33,NLS,0.006662437171729198,5.14204814547549,-0.34752364049615314,-0.10640836201088538,dispersed_eigs,100,252,2.52
33,POET,0.007416948491640363,6.907316071733478,-0.2736316417379411,-0.0052104086400536756,dispersed_eigs,100,252,2.52
34,Sample,0.010928644748894687,7.076713429537649,0.0,0.3691845184039239,dispersed_eigs,100,252,2.52
34,LW,0.007981864096472804,5.674070423293221,-0.2696382506824479,0.0,dispersed_eigs,100,252,2.52
34,NLS,0.007107031177028137,5.835834227530707,-0.3496877846864832,-0.1096025826637736,dispersed_eigs,100,252,2.52
34,POET,0.008448474647196952,7.15898267543924,-0.22694214687036815,0.05845884433566636,dispersed_eigs,100,252,2.52
35,Sample,0.0119528309045236,6.670091039573,0.0,0.415243642184691,dispersed_eigs,100,252,2.52
35,LW,0.00844577608281793,5.401162550215986,-0.2934078838493741,0.0,dispersed_eigs,100,252,2.52
35,NLS,0.007931204990577898,5.30077691921886,-0.33645802789895574,-0.060926442661305466,dispersed_eigs,100,252,2.52
35,POET,0.009405878839360123,6.437054504810207,-0.21308358542908626,0.11367845265225818,dispersed_eigs,100,252,2.52
36,Sample,0.011180592652689399,6.498142949346767,0.0,0.31039894258105794,dispersed_eigs,100,252,2.52
36,LW,0.008532205185290583,5.762544167399093,-0.23687362107426108,0.0,dispersed_eigs,100,252,2.52
36,NLS,0.008220623953597659,5.461188582329613,-0.2647416636165296,-0.036518253479192665,dispersed_eigs,100,252,2.52
36,POET,0.009114954643681351,7.772138286662761,-0.18475210332532557,0.06829998174392495,dispersed_eigs,100,252,2.52
37,Sample,0.00940868515135219,6.148250194508929,0.0,0.31957195173582487,dispersed_eigs,100,252,2.52
37,LW,0.007130103924212376,5.795982587942391,-0.24217849683410247,0.0,dispersed_eigs,100,252,2.52
37,NLS,0.006736885530785239,5.219688882568114,-0.28397162595912423,-0.05514904096865233,dispersed_eigs,100,252,2.52
37,POET,0.0074021556482771035,6.7606589741789165,-0.2132635401012131,0.03815536589037575,dispersed_eigs,100,252,2.52
38,Sample,0.009858056894518194,6.402130496087829,0.0,0.3221415598730467,dispersed_eigs,100,252,2.52
38,LW,0.007456128143694972,6.048242064490213,-0.24365133783706114,0.0,dispersed_eigs,100,252,2.52
38,NLS,0.0069863228299725764,5.609809702893963,-0.2913083273177814,-0.06300928641089287,dispersed_eigs,100,252,2.52
38,POET,0.0076805812540285566,6.143647257854307,-0.22088284372759856,0.030103172317845147,dispersed_eigs,100,252,2.52
39,Sample,0.009052349585402414,6.236257799563842,0.0,0.20040749734693894,dispersed_eigs,100,252,2.52
39,LW,0.007541063851574833,5.589775137520061,-0.16694955487188,0.0,dispersed_eigs,100,252,2.52
39,NLS,0.007222851746033589,5.144374967270024,-0.2021019871259751,-0.04219724322779611,dispersed_eigs,100,252,2.52
39,POET,0.008050310335988076,7.537575405683019,-0.11069383036534522,0.0675297934663283,dispersed_eigs,100,252,2.52
40,Sample,0.010663208018238031,6.337216662477073,0.0,0.3244585475376829,dispersed_eigs,100,252,2.52
40,LW,0.008050994150071463,5.840806007137827,-0.2449744826977694,0.0,dispersed_eigs,100,252,2.52
40,NLS,0.0074425680198009925,5.353264081884229,-0.3020329335157443,-0.07557155289512534,dispersed_eigs,100,252,2.52
40,POET,0.008313277629361026,7.631515310530475,-0.2203774309624041,0.0325777754151312,dispersed_eigs,100,252,2.52
41,Sample,0.011099320626623383,6.2437260751283885,0.0,0.4393780447030967,dispersed_eigs,100,252,2.52
41,LW,0.007711192113474859,5.765088981427564,-0.30525548608998554,0.0,dispersed_eigs,100,252,2.52
41,NLS,0.007038550039407672,5.341386546963748,-0.3658575802806655,-0.08722932384109386,dispersed_eigs,100,252,2.52
41,POET,0.00818722482314988,6.296292845479709,-0.2623670314098689,0.06173270003780363,dispersed_eigs,100,252,2.52
42,Sample,0.011186318739381891,6.268336655701974,0.0,0.5387592846017717,dispersed_eigs,100,252,2.52
42,LW,0.007269700239226756,5.855109706396544,-0.35012577340269413,0.0,dispersed_eigs,100,252,2.52
42,NLS,0.006587207910089851,5.422066483505392,-0.41113711636882677,-0.0938817704551596,dispersed_eigs,100,252,2.52
42,POET,0.006888050305819613,6.608131097084097,-0.38424333632028995,-0.052498716707435666,dispersed_eigs,100,252,2.52
43,Sample,0.009173729483955758,6.5556991148657975,0.0,0.2846471302013219,dispersed_eigs,100,252,2.52
43,LW,0.007141050073819188,5.813330860750544,-0.22157612274174757,0.0,dispersed_eigs,100,252,2.52
43,NLS,0.006661761685229077,5.440642192827932,-0.273821873984833,-0.06711735439964185,dispersed_eigs,100,252,2.52
43,POET,0.007485769972510268,7.49577673473468,-0.18399926817088058,0.0482729983864567,dispersed_eigs,100,252,2.52
44,Sample,0.008471474277228982,6.745109179291246,0.0,0.20982388468351795,dispersed_eigs,100,252,2.52
44,LW,0.007002237585551607,5.354790049552059,-0.17343341236679793,0.0,dispersed_eigs,100,252,2.52
44,NLS,0.00675834718326784,5.373800842960905,-0.20222301784778673,-0.03483035234151577,dispersed_eigs,100,252,2.52
44,POET,0.007905629038425637,8.102243069160016,-0.06679418720827818,0.1290146816409207,dispersed_eigs,100,252,2.52
45,Sample,0.012322632320446916,6.414714465997673,0.0,0.4458504635496796,dispersed_eigs,100,252,2.52
45,LW,0.008522757111543789,5.579596747504341,-0.30836554318008846,0.0,dispersed_eigs,100,252,2.52
45,NLS,0.0074866443832275,5.230343376445315,-0.39244763711687414,-0.12157013449472928,dispersed_eigs,100,252,2.52
45,POET,0.007996241240427741,6.752075681529441,-0.35109309176095466,-0.06177764592198682,dispersed_eigs,100,252,2.52
46,Sample,0.010466261220865298,6.463567415105691,0.0,0.27817913110244596,dispersed_eigs,100,252,2.52
46,LW,0.008188415039946719,5.897549045410662,-0.2176370465871344,0.0,dispersed_eigs,100,252,2.52
46,NLS,0.0076853967878106975,5.3931229237602585,-0.26569797699208314,-0.061430478264972554,dispersed_eigs,100,252,2.52
46,POET,0.008925073128124204,6.592597208569376,-0.14725297412495458,0.08996345258316057,dispersed_eigs,100,252,2.52
47,Sample,0.011050326090223349,6.535040477375818,0.0,0.44710184976774286,dispersed_eigs,100,252,2.52
47,LW,0.007636177157811598,5.985020246082696,-0.30896363641543395,0.0,dispersed_eigs,100,252,2.52
47,NLS,0.007048361845046263,5.580523814642332,-0.3621580225327267,-0.07697769454759387,dispersed_eigs,100,252,2.52
47,POET,0.008070336880686927,7.064430091430119,-0.2696743232014604,0.056855637828045355,dispersed_eigs,100,252,2.52
48,Sample,0.011723322499724461,6.665176727684095,0.0,0.38999529029965985,dispersed_eigs,100,252,2.52
48,LW,0.008434073540779486,5.566910683978279,-0.2805731019531608,0.0,dispersed_eigs,100,252,2.52
48,NLS,0.007506577114441215,5.367536946526586,-0.35968859385915164,-0.10997016113906813,dispersed_eigs,100,252,2.52
48,POET,0.008360117055380882,6.992790557421989,-0.28688159388455153,-0.008768774073526532,dispersed_eigs,100,252,2.52
49,Sample,0.011020427891849666,6.2839003148196655,0.0,0.45650069512161645,dispersed_eigs,100,252,2.52
49,LW,0.007566373245657443,5.399526452494809,-0.3134229160690507,0.0,dispersed_eigs,100,252,2.52
49,NLS,0.00698214731709991,5.087426993184552,-0.3664359146831614,-0.07721346933193346,dispersed_eigs,100,252,2.52
49,POET,0.0075117188399240874,6.842809599255506,-0.3183822884518396,-0.007223329322898914,dispersed_eigs,100,252,2.52
0,Sample,0.007677494015046914,4.642089920240489,0.0,0.07343153354880969,dispersed_eigs,100,504,5.04
0,LW,0.00715229036514774,4.290489533336626,-0.06840821352251686,0.0,dispersed_eigs,100,504,5.04
0,NLS,0.0068406779501382535,4.082920359424995,-0.1089959905235494,-0.04356819970955547,dispersed_eigs,100,504,5.04
0,POET,0.00764962621909256,6.376302580282322,-0.003629803670277979,0.0695351878285421,dispersed_eigs,100,504,5.04
1,Sample,0.00826439885849578,4.705741390868362,0.0,0.07704126985333866,dispersed_eigs,100,504,5.04
1,LW,0.007673242511515969,4.0818292492104815,-0.07153047149607314,0.0,dispersed_eigs,100,504,5.04
1,NLS,0.007400585408336887,4.064186470246584,-0.10452223627504321,-0.03553349223224458,dispersed_eigs,100,504,5.04
1,POET,0.0077809386872852,4.541678392180041,-0.05849913338991189,0.014035288941748119,dispersed_eigs,100,504,5.04
2,Sample,0.007616451801420235,4.57959123421022,0.0,0.07757836012020253,dispersed_eigs,100,504,5.04
2,LW,0.007068118740404762,4.351026636540305,-0.07199324243254918,0.0,dispersed_eigs,100,504,5.04
2,NLS,0.006919400853950085,4.041270259282628,-0.09151911751613406,-0.02104066045248133,dispersed_eigs,100,504,5.04
2,POET,0.007406008999836573,4.8013972284131565,-0.02763003128890282,0.04780483631383674,dispersed_eigs,100,504,5.04
3,Sample,0.007359254091124851,4.540282903212363,0.0,0.08409139228616122,dispersed_eigs,100,504,5.04
3,LW,0.006788407456686338,4.167491632505472,-0.077568545313165,0.0,dispersed_eigs,100,504,5.04
3,NLS,0.00643623424626361,4.0322530705409685,-0.12542301616877022,-0.051878619936970606,dispersed_eigs,100,504,5.04
3,POET,0.007286197274904668,7.686706213210846,-0.009927203941536435,0.07332939594367233,dispersed_eigs,100,504,5.04
4,Sample,0.008134187408758969,4.499905719113529,0.0,0.09483723198756881,dispersed_eigs,100,504,5.04
4,LW,0.007429586034439252,4.1735400674273215,-0.08662222037827594,0.0,dispersed_eigs,100,504,5.04
4,NLS,0.006955846823253085,3.9399761082367815,-0.14486272891094631,-0.0637638771514572,dispersed_eigs,100,504,5.04
4,POET,0.0073425566548854515,4.749625002648577,-0.09732143041369834,-0.011713893499635477,dispersed_eigs,100,504,5.04
5,Sample,0.00865735933303233,4.401098204185807,0.0,0.10479575649087247,dispersed_eigs,100,504,5.04
5,LW,0.007836162731589796,4.22766772668648,-0.09485532133444456,0.0,dispersed_eigs,100,504,5.04
5,NLS,0.00743928156187014,3.934675979905489,-0.1406985345421196,-0.050647387415745725,dispersed_eigs,100,504,5.04
5,POET,0.007861565979695112,4.122946365142538,-0.09192102611483996,0.003241796906910615,dispersed_eigs,100,504,5.04
6,Sample,0.007689395174972829,4.486536301232785,0.0,0.11258434309512436,dispersed_eigs,100,504,5.04
6,LW,0.006911291914805776,4.109793650170586,-0.10119173777146939,0.0,dispersed_eigs,100,504,5.04
6,NLS,0.006572972053666734,3.9100361092941136,-0.14518997865264996,-0.04895175392812933,dispersed_eigs,100,504,5.04
6,POET,0.007173858885108758,6.4155944934264975,-0.06704510278545964,0.037991011454818646,dispersed_eigs,100,504,5.04
7,Sample,0.008395293192039974,4.6824052766407,0.0,0.09701965354193545,dispersed_eigs,100,504,5.04
7,LW,0.007652819313614102,4.17933212107677,-0.08843930300490893,0.0,dispersed_eigs,100,504,5.04
7,NLS,0.007181789990384764,4.045053133832823,-0.14454566075259853,-0.06154977713787034,dispersed_eigs,100,504,5.04
7,POET,0.007736181834080403,6.396717444494577,-0.07850962948911777,0.01089304700007775,dispersed_eigs,100,504,5.04
8,Sample,0.008225407486093267,4.501982214723132,0.0,0.07457195401123877,dispersed_eigs,100,504,5.04
8,LW,0.0076545897698045064,4.276625540931762,-0.06939689216052147,0.0,dispersed_eigs,100,504,5.04
8,NLS,0.007372738762716018,4.0355220707206705,-0.10366279419212478,-0.03682117730205764,dispersed_eigs,100,504,5.04
8,POET,0.007797201326851382,4.35963843979768,-0.05205895999266358,0.01863085564812937,dispersed_eigs,100,504,5.04
9,Sample,0.00943259568677467,4.535751722208761,0.0,0.08687737537227842,dispersed_eigs,100,504,5.04
9,LW,0.008678619962572878,4.262133502683716,-0.07993300563692485,0.0,dispersed_eigs,100,504,5.04
9,NLS,0.008347190721095517,4.00560773730387,-0.11506959502154705,-0.038189164049891644,dispersed_eigs,100,504,5.04
9,POET,0.008893315182322075,4.704645168667892,-0.057172015250130395,0.02473840549247282,dispersed_eigs,100,504,5.04
10,Sample,0.007790237658932874,4.849086051340838,0.0,0.07066885511355761,dispersed_eigs,100,504,5.04
10,LW,0.00727604769833958,4.5424276930271015,-0.06600439975071687,0.0,dispersed_eigs,100,504,5.04
10,NLS,0.006949405621751289,4.502938603293833,-0.10793406748219335,-0.04489278934535181,dispersed_eigs,100,504,5.04
10,POET,0.007634029498951796,7.124567468323464,-0.020051783632294904,0.049200034888983654,dispersed_eigs,100,504,5.04
11,Sample,0.007443868734729017,4.470379981897395,0.0,0.09381288622796638,dispersed_eigs,100,504,5.04
11,LW,0.00680543155822504,4.121192371046843,-0.08576685044503528,0.0,dispersed_eigs,100,504,5.04
11,NLS,0.006416364037032,3.9102061018813674,-0.13803369381075234,-0.05717014679588001,dispersed_eigs,100,504,5.04
11,POET,0.0071661483352007975,7.42885569254528,-0.03730861053910429,0.05300424725303359,dispersed_eigs,100,504,5.04
12,Sample,0.008224567228162897,4.430306748284529,0.0,0.0699315988114705,dispersed_eigs,100,504,5.04
12,LW,0.0076870028301801036,4.063534408752376,-0.06536081268106649,0.0,dispersed_eigs,100,504,5.04
12,NLS,0.007353977048575932,3.9274098299320657,-0.10585239994219452,-0.04332322869671289,dispersed_eigs,100,504,5.04
12,POET,0.007864877086672039,5.707937336133347,-0.04373362530969322,0.023139611162048646,dispersed_eigs,100,504,5.04
13,Sample,0.007832311024629656,4.491594767731238,0.0,0.06412857775004789,dispersed_eigs,100,504,5.04
13,LW,0.007360305125147555,4.106718465190937,-0.06026393716973457,0.0,dispersed_eigs,100,504,5.04
13,NLS,0.007138554663259219,3.943902091846458,-0.08857620173520116,-0.030127889824933033,dispersed_eigs,100,504,5.04
13,POET,0.0076635282075596094,5.547338689394095,-0.021549554983106286,0.041197080454728544,dispersed_eigs,100,504,5.04
14,Sample,0.007376615019851631,4.55907616827186,0.0,0.046221681386311185,dispersed_eigs,100,504,5.04
14,LW,0.0070507189356629855,4.436744045291382,-0.04417962484304901,0.0,dispersed_eigs,100,504,5.04
14,NLS,0.006911176802018909,4.14031253194621,-0.06309644960190472,-0.01979119220570021,dispersed_eigs,100,504,5.04
14,POET,0.007469791809699445,5.699014319290084,0.01263137490530006,0.05943689967795507,dispersed_eigs,100,504,5.04
15,Sample,0.008064107448132827,4.494266767369776,0.0,0.07355926378499762,dispersed_eigs,100,504,5.04
15,LW,0.007511562444817048,4.270627174511946,-0.0685190527122398,0.0,dispersed_eigs,100,504,5.04
15,NLS,0.007272322103543376,4.095194050436212,-0.09818635846336375,-0.03184961092066105,dispersed_eigs,100,504,5.04
15,POET,0.007637604462077366,4.464363114506518,-0.052889050499223426,0.016779733668763754,dispersed_eigs,100,504,5.04
16,Sample,0.008103245505910527,4.383650741564602,0.0,0.07300924067425142,dispersed_eigs,100,504,5.04
16,LW,0.0075518879043564024,4.337347035530924,-0.0680415768165932,0.0,dispersed_eigs,100,504,5.04
16,NLS,0.0071649145480207795,4.028691218455571,-0.11579693065023476,-0.05124193595516593,dispersed_eigs,100,504,5.04
16,POET,0.007928521616040364,6.3204579293274135,-0.021562211060089383,0.04987278895740697,dispersed_eigs,100,504,5.04
17,Sample,0.007783066057428847,4.591695174791437,0.0,0.06549002056206506,dispersed_eigs,100,504,5.04
17,LW,0.007304682265651949,4.197980916657546,-0.06146469633522978,0.0,dispersed_eigs,100,504,5.04
17,NLS,0.0070452285602284415,4.076701809965806,-0.09480036424670304,-0.035518821488445824,dispersed_eigs,100,504,5.04
17,POET,0.007450180336646715,4.911762349508419,-0.04277051207401702,0.019918466772870617,dispersed_eigs,100,504,5.04
18,Sample,0.007983021203237583,4.71283778387068,0.0,0.07169393437274667,dispersed_eigs,100,504,5.04
18,LW,0.007448974886575221,4.251458633323836,-0.06689777003796193,0.0,dispersed_eigs,100,504,5.04
18,NLS,0.00709817979249384,4.141437684944025,-0.11084041846023003,-0.04709306977441888,dispersed_eigs,100,504,5.04
18,POET,0.007510846617856135,4.934756495547948,-0.059147354536645026,0.008306073281629838,dispersed_eigs,100,504,5.04
19,Sample,0.0077494068062248875,4.419565776879229,0.0,0.0760813808052047,dispersed_eigs,100,504,5.04
19,LW,0.007201506265656414,4.3363377577884945,-0.07070225557501507,0.0,dispersed_eigs,100,504,5.04
19,NLS,0.006969637440065079,4.00929953639035,-0.10062310389144123,-0.03219726777120295,dispersed_eigs,100,504,5.04
19,POET,0.007635428368167574,6.468116906751203,-0.014708021001782687,0.06025435325669443,dispersed_eigs,100,504,5.04
20,Sample,0.008767243992773567,4.653470190313689,0.0,0.08467870501135819,dispersed_eigs,100,504,5.04
20,LW,0.008082802725145933,4.444928090520266,-0.0780680072542509,0.0,dispersed_eigs,100,504,5.04
20,NLS,0.007862657391786688,4.149074641236892,-0.10317798862818095,-0.027236262079533776,dispersed_eigs,100,504,5.04
20,POET,0.008444353590762134,4.781274501435711,-0.036829179418022065,0.044730878373587045,dispersed_eigs,100,504,5.04
21,Sample,0.007826063062418146,4.594599796125037,0.0,0.07694324527135699,dispersed_eigs,100,504,5.04
21,LW,0.007266922464838169,4.393454472818134,-0.07144596115830563,0.0,dispersed_eigs,100,504,5.04
21,NLS,0.006905823862416233,4.085765354072914,-0.11758647900769303,-0.04969071903122024,dispersed_eigs,100,504,5.04
21,POET,0.007499456008330662,4.306908636077933,-0.04173325099511362,0.031998902508955235,dispersed_eigs,100,504,5.04
22,Sample,0.007802057158049408,4.45493462852661,0.0,0.054997402165208174,dispersed_eigs,100,504,5.04
22,LW,0.007395333052040671,4.169649828917229,-0.05213036738510927,0.0,dispersed_eigs,100,504,5.04
22,NLS,0.007114067035933096,3.961338612878744,-0.0881806052146786,-0.03803290725763356,dispersed_eigs,100,504,5.04
22,POET,0.008087903333994433,7.603230233645034,0.03663728298249094,0.0936496405341277,dispersed_eigs,100,504,5.04
23,Sample,0.008889855480034299,4.319063639541107,0.0,0.10324353364007195,dispersed_eigs,100,504,5.04
23,LW,0.008057926658045179,4.0082112237068515,-0.09358181624634355,0.0,dispersed_eigs,100,504,5.04
23,NLS,0.007415333403581798,3.7601382045988947,-0.16586569711556348,-0.07974672415537619,dispersed_eigs,100,504,5.04
23,POET,0.007956493005826598,6.266307997973028,-0.10499186137546747,-0.012588058507247367,dispersed_eigs,100,504,5.04
24,Sample,0.007184881083586157,4.706810907513492,0.0,0.08065542867232406,dispersed_eigs,100,504,5.04
24,LW,0.006648632758374597,4.373346282782688,-0.07463565770582029,0.0,dispersed_eigs,100,504,5.04
24,NLS,0.006325615416495293,4.1708736049947825,-0.11959358228681813,-0.04858402526029624,dispersed_eigs,100,504,5.04
24,POET,0.006746731846910327,6.481422674936516,-0.06098211391094287,0.014754776222549603,dispersed_eigs,100,504,5.04
25,Sample,0.00843225200999368,4.524616969675031,0.0,0.10262594027914719,dispersed_eigs,100,504,5.04
25,LW,0.007647427565379899,4.422382756291959,-0.09307412108694432,0.0,dispersed_eigs,100,504,5.04
25,NLS,0.007248914609718255,4.134705278634204,-0.1403346815148511,-0.05211071987994015,dispersed_eigs,100,504,5.04
25,POET,0.007596088850541205,5.460809075851598,-0.09916249638429653,-0.006713200537015313,dispersed_eigs,100,504,5.04
26,Sample,0.008380766655075535,4.535191925264467,0.0,0.11778072466055009,dispersed_eigs,100,504,5.04
26,LW,0.007497684000250249,4.093138354714581,-0.10537015182142989,0.0,dispersed_eigs,100,504,5.04
26,NLS,0.007015311614357691,3.9675176117068265,-0.16292722335741217,-0.06433618513082939,dispersed_eigs,100,504,5.04
26,POET,0.007802168262611459,7.523122255271296,-0.06903883812510965,0.04061044215134262,dispersed_eigs,100,504,5.04
27,Sample,0.009086628483997352,4.390364659901412,0.0,0.09434503461800753,dispersed_eigs,100,504,5.04
27,LW,0.008303257379121872,4.370515054818751,-0.08621141562627882,0.0,dispersed_eigs,100,504,5.04
27,NLS,0.007934229266539606,4.069802802663764,-0.1268236309525871,-0.044443776187182836,dispersed_eigs,100,504,5.04
27,POET,0.008520624447053704,4.839962196909586,-0.06228977424800071,0.026178529462231325,dispersed_eigs,100,504,5.04
28,Sample,0.007941280372627202,4.4194417829629975,0.0,0.08143993972262255,dispersed_eigs,100,504,5.04
28,LW,0.007343246796178115,4.270220182921293,-0.07530694653603323,0.0,dispersed_eigs,100,504,5.04
28,NLS,0.007013834581402333,3.9852764494520767,-0.1167879419572796,-0.04485920518798704,dispersed_eigs,100,504,5.04
28,POET,0.007600974507148379,5.579333904633193,-0.042852770524489145,0.03509724214967163,dispersed_eigs,100,504,5.04
29,Sample,0.007753740788804563,4.434446769100944,0.0,0.0822678990873231,dispersed_eigs,100,504,5.04
29,LW,0.007164345163839097,4.283200159842519,-0.0760143575880793,0.0,dispersed_eigs,100,504,5.04
29,NLS,0.006844133461741871,3.969853103904805,-0.11731206289176595,-0.04469518075614836,dispersed_eigs,100,504,5.04
29,POET,0.00718367542851731,4.727852182246845,-0.0735213332267125,0.002698120237949943,dispersed_eigs,100,504,5.04
30,Sample,0.009229232598103827,4.647250899544313,0.0,0.10459030615817966,dispersed_eigs,100,504,5.04
30,LW,0.008355344553224951,4.67189177495635,-0.0946869672629574,0.0,dispersed_eigs,100,504,5.04
30,NLS,0.008031100834969324,4.303946529313622,-0.12981921848850825,-0.038806744137257286,dispersed_eigs,100,504,5.04
30,POET,0.008671974884793291,4.752779186769325,-0.0603796369185696,0.03789554452857713,dispersed_eigs,100,504,5.04
31,Sample,0.007193768831968384,4.551700089159143,0.0,0.06497852780787504,dispersed_eigs,100,504,5.04
31,LW,0.006754848707396811,4.521223505158242,-0.06101393231056517,0.0,dispersed_eigs,100,504,5.04
31,NLS,0.006556070050072239,4.154741154920279,-0.08864599305196963,-0.02942755136867869,dispersed_eigs,100,504,5.04
31,POET,0.007368010538291532,5.611340462496876,0.02422119898388118,0.09077358464347042,dispersed_eigs,100,504,5.04
32,Sample,0.008513709015563952,4.511101686748373,0.0,0.08238476581381558,dispersed_eigs,100,504,5.04
32,LW,0.00786569553125845,4.1138804753490135,-0.07611412172072907,0.0,dispersed_eigs,100,504,5.04
32,NLS,0.007609665966033585,3.9317262962319526,-0.1061867451515763,-0.032550149469604654,dispersed_eigs,100,504,5.04
32,POET,0.00799682110348994,4.317012626667923,-0.06071242405972381,0.01667056291594236,dispersed_eigs,100,504,5.04
33,Sample,0.0071669447019081485,4.583752236576774,0.0,0.08827109197435926,dispersed_eigs,100,504,5.04
33,LW,0.0065856244411544185,4.11239583424652,-0.08111130822579914,0.0,dispersed_eigs,100,504,5.04
33,NLS,0.006222811273931519,3.9875568320794246,-0.13173443737123586,-0.055091688034263425,dispersed_eigs,100,504,5.04
33,POET,0.006981616373454187,5.641351573013173,-0.025858763554380285,0.06012974712392707,dispersed_eigs,100,504,5.04
34,Sample,0.007566085356805502,4.855014615298322,0.0,0.0801719114647968,dispersed_eigs,100,504,5.04
34,LW,0.007004519629236891,4.246052993062365,-0.0742214369896709,0.0,dispersed_eigs,100,504,5.04
34,NLS,0.006626587232513565,4.250110989687231,-0.12417228725114536,-0.053955505406228704,dispersed_eigs,100,504,5.04
34,POET,0.0074348965358508315,6.8569582460555925,-0.017339061716594238,0.061442744027377115,dispersed_eigs,100,504,5.04
35,Sample,0.008697153575556827,4.519798836547482,0.0,0.08361855337557535,dispersed_eigs,100,504,5.04
35,LW,0.008026028668911549,4.242590405658363,-0.0771660406838694,0.0,dispersed_eigs,100,504,5.04
35,NLS,0.007620611864687074,4.031306217733882,-0.12378092458840231,-0.05051275306240034,dispersed_eigs,100,504,5.04
35,POET,0.008230288892215295,5.714913381123423,-0.05368017010227869,0.025449725104389306,dispersed_eigs,100,504,5.04
36,Sample,0.008706961566365893,4.450603295756736,0.0,0.07917700519853461,dispersed_eigs,100,504,5.04
36,LW,0.008068149640349393,4.210057102660526,-0.07336795059302485,0.0,dispersed_eigs,100,504,5.04
36,NLS,0.0078077766764815,3.98459571753614,-0.10327194889177557,-0.03227170732750787,dispersed_eigs,100,504,5.04
36,POET,0.0084720601516715,4.817735856198932,-0.026978574891359675,0.050062347542752704,dispersed_eigs,100,504,5.04
37,Sample,0.007387187041179479,4.445513301866269,0.0,0.07144397730862732,dispersed_eigs,100,504,5.04
37,LW,0.006894608768752838,4.326506542365335,-0.06668008670699543,0.0,dispersed_eigs,100,504,5.04
37,NLS,0.0065071705664545,4.069077879689519,-0.11912741207436256,-0.056194370890811494,dispersed_eigs,100,504,5.04
37,POET,0.007330918380831095,5.839192769377907,-0.007617061817267897,0.06328272229972813,dispersed_eigs,100,504,5.04
38,Sample,0.007227898775337142,4.536234431357482,0.0,0.05560873121814369,dispersed_eigs,100,504,5.04
38,LW,0.00684713811242954,4.340729136548708,-0.0526793020686488,0.0,dispersed_eigs,100,504,5.04
38,NLS,0.006636979878155391,4.090506379394026,-0.08175528124412448,-0.030692857486349052,dispersed_eigs,100,504,5.04
38,POET,0.0071902316772260565,5.4654405012553005,-0.005211348316001862,0.05010758643435316,dispersed_eigs,100,504,5.04
39,Sample,0.0073673762021104795,4.379270244837463,0.0,0.051259067853631914,dispersed_eigs,100,504,5.04
39,LW,0.007008145211201401,4.039741508207614,-0.04875969151760865,0.0,dispersed_eigs,100,504,5.04
39,NLS,0.006739247357238395,3.784854037253912,-0.08525814722100773,-0.038369332520852395,dispersed_eigs,100,504,5.04
39,POET,0.007522339656422228,6.251865417077067,0.021033737121684763,0.07337097473365257,dispersed_eigs,100,504,5.04
40,Sample,0.007902642186244249,4.414759857752015,0.0,0.0744901549370367,dispersed_eigs,100,504,5.04
40,LW,0.00735478324294868,4.3547005020941185,-0.06932604695796556,0.0,dispersed_eigs,100,504,5.04
40,NLS,0.007071659166478841,4.047272473523771,-0.10515255533293157,-0.03849523053467026,dispersed_eigs,100,504,5.04
40,POET,0.007784522500135263,5.631848888082541,-0.014946859964707848,0.05842990105773557,dispersed_eigs,100,504,5.04
41,Sample,0.007527024342826888,4.577137771225935,0.0,0.0801389502143645,dispersed_eigs,100,504,5.04
41,LW,0.006968570424511655,4.399989556524541,-0.07419318616226192,0.0,dispersed_eigs,100,504,5.04
41,NLS,0.00665017794082046,4.16875803862519,-0.11649310033679457,-0.045689784890637415,dispersed_eigs,100,504,5.04
41,POET,0.00754652965151859,4.924464490006484,0.002591370480990954,0.08293799040531856,dispersed_eigs,100,504,5.04
42,Sample,0.007047804104799913,4.571568944478956,0.0,0.076961318785361,dispersed_eigs,100,504,5.04
42,LW,0.006544157140897782,4.331530554298412,-0.07146154410834456,0.0,dispersed_eigs,100,504,5.04
42,NLS,0.006130811927109819,4.076531165913147,-0.13011033849047754,-0.0631624829429534,dispersed_eigs,100,504,5.04
42,POET,0.006656448139439806,6.326203284132338,-0.05552878024710902,0.01715897037989196,dispersed_eigs,100,504,5.04
43,Sample,0.0077155582973623665,4.669444367885114,0.0,0.09887779039776744,dispersed_eigs,100,504,5.04
43,LW,0.007021306977702697,4.328779536337241,-0.08998069781897772,0.0,dispersed_eigs,100,504,5.04
43,NLS,0.006554777745252041,4.11012056714245,-0.15044673468505174,-0.06644478498550137,dispersed_eigs,100,504,5.04
43,POET,0.007228745515990317,5.581252437757275,-0.06309495212270906,0.029544148823911976,dispersed_eigs,100,504,5.04
44,Sample,0.0072091820353574415,4.498716288662812,0.0,0.05308796754442001,dispersed_eigs,100,504,5.04
44,LW,0.006845754825371085,4.034521498871562,-0.050411712203122024,0.0,dispersed_eigs,100,504,5.04
44,NLS,0.006607318327559669,3.8945106568653305,-0.08348571375309038,-0.034829833070817176,dispersed_eigs,100,504,5.04
44,POET,0.00691001613729813,4.338594962121093,-0.04149789762445337,0.009387030877717991,dispersed_eigs,100,504,5.04
45,Sample,0.008499799096853888,4.489989665049634,0.0,0.10680822988136145,dispersed_eigs,100,504,5.04
45,LW,0.0076795589943932565,4.182297169596885,-0.09650111645159179,0.0,dispersed_eigs,100,504,5.04
45,NLS,0.007163902163306115,3.9573726729637784,-0.1571680598947617,-0.06714667228464756,dispersed_eigs,100,504,5.04
45,POET,0.007905529309377803,5.542456870884425,-0.06991574514932342,0.029424907751802412,dispersed_eigs,100,504,5.04
46,Sample,0.00882496993911303,4.505380583784645,0.0,0.1342477701180226,dispersed_eigs,100,504,5.04
46,LW,0.007780460470462076,4.4553273913340385,-0.11835841661302418,0.0,dispersed_eigs,100,504,5.04
46,NLS,0.007291723122274514,4.1059227183630975,-0.17373960788727832,-0.06281599270930244,dispersed_eigs,100,504,5.04
46,POET,0.007987946675840964,5.602942745574598,-0.09484715178034851,0.026667599709116665,dispersed_eigs,100,504,5.04
47,Sample,0.007403716800424617,4.478022582371708,0.0,0.062423077561009996,dispersed_eigs,100,504,5.04
47,LW,0.006968708565161468,4.336264264000443,-0.058755385570420586,0.0,dispersed_eigs,100,504,5.04
47,NLS,0.006659677088017902,4.058947540931714,-0.10049543120882777,-0.044345587744693576,dispersed_eigs,100,504,5.04
47,POET,0.0074065170290781935,6.276780565973225,0.0003782193091740392,0.06282490648345568,dispersed_eigs,100,504,5.04
48,Sample,0.008077880165103342,4.4158988207623455,0.0,0.08505610981581962,dispersed_eigs,100,504,5.04
48,LW,0.007444665849100193,4.190953030462233,-0.07838867413986295,0.0,dispersed_eigs,100,504,5.04
48,NLS,0.00713334011210194,3.906925001590359,-0.1169291984649438,-0.04181863139443421,dispersed_eigs,100,504,5.04
48,POET,0.007710479389702621,5.53994813094736,-0.04548232554722732,0.03570523459216848,dispersed_eigs,100,504,5.04
49,Sample,0.007474888470356993,4.476991388488143,0.0,0.07220334887618597,dispersed_eigs,100,504,5.04
49,LW,0.00697152128669593,4.148967860728454,-0.06734109621263992,0.0,dispersed_eigs,100,504,5.04
49,NLS,0.006671468946209309,3.9163684941870063,-0.10748247647222937,-0.043039722342844235,dispersed_eigs,100,504,5.04
49,POET,0.007074310594160803,5.602775944113969,-0.05358981311691173,0.014744171786584258,dispersed_eigs,100,504,5.04
0,Sample,0.016378989826039227,57.61391781513511,0.0,0.4996512769630491,factor_sparse,100,252,2.52
0,LW,0.010921865688140776,51.03847981293745,-0.33317830927660413,0.0,factor_sparse,100,252,2.52
0,NLS,0.009596396243893034,63.97250547764362,-0.4141032905071632,-0.12135925144061865,factor_sparse,100,252,2.52
0,POET,0.008857440890019986,57.882489305852545,-0.4592193423346246,-0.18901759617520222,factor_sparse,100,252,2.52
1,Sample,0.015027674019163115,51.68335645381711,0.0,0.4538037404588827,factor_sparse,100,252,2.52
1,LW,0.01033679691484336,53.25890492701657,-0.31214924534149485,0.0,factor_sparse,100,252,2.52
1,NLS,0.009205258989589186,48.1333695579221,-0.3874461890874964,-0.1094669784630591,factor_sparse,100,252,2.52
1,POET,0.008717339257785233,51.552836236518104,-0.41991426972204854,-0.15666919553509162,factor_sparse,100,252,2.52
2,Sample,0.013607880291490996,49.44252318803162,0.0,0.4362720584747165,factor_sparse,100,252,2.52
2,LW,0.009474444769149245,44.21765397532895,-0.30375307790783457,0.0,factor_sparse,100,252,2.52
2,NLS,0.009050618987093476,44.56688114761745,-0.3348986915505991,-0.0447335746191516,factor_sparse,100,252,2.52
2,POET,0.008677559068679057,49.51829693172606,-0.36231368274858117,-0.08410896046014354,factor_sparse,100,252,2.52
3,Sample,0.013732554433180676,63.88378464290477,0.0,0.37930692555720014,factor_sparse,100,252,2.52
3,LW,0.009956126645005513,60.10036193046441,-0.27499820274154796,0.0,factor_sparse,100,252,2.52
3,NLS,0.009216054917738312,63.12106323659765,-0.3288899772739711,-0.07433329784313844,factor_sparse,100,252,2.52
3,POET,0.008807943576422735,64.03109100276491,-0.3586085080324946,-0.1153242731357545,factor_sparse,100,252,2.52
4,Sample,0.012853363689473216,66.39566920713207,0.0,0.3166546320216084,factor_sparse,100,252,2.52
4,LW,0.00976213760000069,63.986539977170985,-0.24049938709850796,0.0,factor_sparse,100,252,2.52
4,NLS,0.009182282262747091,64.958197907772,-0.2856125069994484,-0.05939839828251939,factor_sparse,100,252,2.52
4,POET,0.009147625356100208,66.48260775972665,-0.2883088367294837,-0.06294853331102801,factor_sparse,100,252,2.52
5,Sample,0.012804036460404615,91.41928257137066,0.0,0.2962368422777197,factor_sparse,100,252,2.52
5,LW,0.009877852598222433,101.60144736203446,-0.22853604574082204,0.0,factor_sparse,100,252,2.52
5,NLS,0.008981953007551599,92.08583245396731,-0.2985061363010392,-0.09069780924166201,factor_sparse,100,252,2.52
5,POET,0.008542691890240671,90.89898287816362,-0.33281259260248025,-0.13516710182758046,factor_sparse,100,252,2.52
6,Sample,0.016369299105309792,49.42956775915808,0.0,0.5439802074996124,factor_sparse,100,252,2.52
6,LW,0.010602013565846764,50.66828638636812,-0.35232330366498493,0.0,factor_sparse,100,252,2.52
6,NLS,0.009518154523889247,62.466473377443364,-0.4185362206008078,-0.10223143322972639,factor_sparse,100,252,2.52
6,POET,0.008825609888227157,49.45244669662765,-0.46084375198664745,-0.1675534243176314,factor_sparse,100,252,2.52
7,Sample,0.014432594063166526,84.33314266783748,0.0,0.4345832989769356,factor_sparse,100,252,2.52
7,LW,0.010060478240238153,92.50179872115643,-0.3029334715431694,0.0,factor_sparse,100,252,2.52
7,NLS,0.009094784247560656,86.04921978709048,-0.3698441037171906,-0.09598887544083963,factor_sparse,100,252,2.52
7,POET,0.008700866347193314,83.88573632238719,-0.39713773496901533,-0.13514386300314235,factor_sparse,100,252,2.52
8,Sample,0.013438196358197882,36.62564500787344,0.0,0.32320418693133246,factor_sparse,100,252,2.52
8,LW,0.010155799453267039,34.7067286661024,-0.24425873959852054,0.0,factor_sparse,100,252,2.52
8,NLS,0.009307460005170451,32.64195716747591,-0.3073877061267603,-0.0835325128268148,factor_sparse,100,252,2.52
8,POET,0.008660994866771892,36.6470775509806,-0.3554942467045952,-0.1471872887381879,factor_sparse,100,252,2.52
9,Sample,0.014153100954219304,51.78669446267575,0.0,0.35958259179438085,factor_sparse,100,252,2.52
9,LW,0.010409886857656807,53.574271016188966,-0.2644801382163939,0.0,factor_sparse,100,252,2.52
9,NLS,0.009413493481020909,67.57163301766506,-0.3348812029624808,-0.09571606207256886,factor_sparse,100,252,2.52
9,POET,0.008793084920663028,51.679429678278034,-0.378716724405075,-0.15531407392814928,factor_sparse,100,252,2.52
10,Sample,0.013752545968574116,56.988489507648865,0.0,0.3453246914570712,factor_sparse,100,252,2.52
10,LW,0.010222473471202885,61.85072269448044,-0.25668501711885094,0.0,factor_sparse,100,252,2.52
10,NLS,0.009316784628490117,55.98212087035105,-0.3225411025871237,-0.08859781786317461,factor_sparse,100,252,2.52
10,POET,0.00869949599894655,56.754081259031494,-0.36742651005670285,-0.14898326481811108,factor_sparse,100,252,2.52
11,Sample,0.013405493136086492,55.250129730772514,0.0,0.3712376045392146,factor_sparse,100,252,2.52
11,LW,0.009776200048562132,57.453782847539294,-0.27073178514817925,0.0,factor_sparse,100,252,2.52
11,NLS,0.008921669363104212,47.32197146130574,-0.3344766005595268,-0.08740928798645067,factor_sparse,100,252,2.52
11,POET,0.008586891689928128,54.971191208047784,-0.3594497716154196,-0.12165343924288108,factor_sparse,100,252,2.52
12,Sample,0.01446344532527699,116.70285518770685,0.0,0.437635326522342,factor_sparse,100,252,2.52
12,LW,0.010060580077886822,121.57385049949272,-0.3044133087498534,0.0,factor_sparse,100,252,2.52
12,NLS,0.009234960643349848,114.18758841433318,-0.36149648747865065,-0.08206479429070768,factor_sparse,100,252,2.52
12,POET,0.008714349514380982,116.45767739025003,-0.3974914469962852,-0.13381241967000068,factor_sparse,100,252,2.52
13,Sample,0.014068533401368948,89.49496912231648,0.0,0.39194729185507715,factor_sparse,100,252,2.52
13,LW,0.010107087735067554,84.64142633896664,-0.28158199247093674,0.0,factor_sparse,100,252,2.52
13,NLS,0.00920937173917837,87.28388373475627,-0.34539219715096625,-0.08882044159708521,factor_sparse,100,252,2.52
13,POET,0.00861056135930442,89.72129138354784,-0.3879560069518999,-0.14806702138052938,factor_sparse,100,252,2.52
14,Sample,0.013595116865540623,53.64713387937202,0.0,0.3158851201836798,factor_sparse,100,252,2.52
14,LW,0.010331537804487772,55.58293277279835,-0.2400552414025219,0.0,factor_sparse,100,252,2.52
14,NLS,0.00953175737304902,45.532282715947936,-0.2988837486782442,-0.07741155736674027,factor_sparse,100,252,2.52
14,POET,0.008950431528065472,53.38448777389832,-0.34164364921701984,-0.13367867422624932,factor_sparse,100,252,2.52
15,Sample,0.014737301404367483,45.97411727606409,0.0,0.5208943637683405,factor_sparse,100,252,2.52
15,LW,0.009689891523992944,40.24159192321041,-0.34249213895284186,0.0,factor_sparse,100,252,2.52
15,NLS,0.009017964455093489,45.59438869720611,-0.3880857690526053,-0.06934309504246873,factor_sparse,100,252,2.52
15,POET,0.008583898521846935,46.271036842198505,-0.41753932512345526,-0.11413884246355925,factor_sparse,100,252,2.52
16,Sample,0.011802689804837948,51.55459562393458,0.0,0.2296814257868663,factor_sparse,100,252,2.52
16,LW,0.00959816872673788,57.47830261900902,-0.18678124347523134,0.0,factor_sparse,100,252,2.52
16,NLS,0.009081033132148404,54.67966765087146,-0.23059630623978028,-0.0538785688512516,factor_sparse,100,252,2.52
16,POET,0.008595946600578521,51.28466342270578,-0.27169596568953086,-0.10441805668277554,factor_sparse,100,252,2.52
17,Sample,0.014145861315640735,93.7242870895829,0.0,0.34950948441071444,factor_sparse,100,252,2.52
17,LW,0.01048222445195912,97.24445298282411,-0.258990017075229,0.0,factor_sparse,100,252,2.52
17,NLS,0.009546621168523655,92.32198170430938,-0.3251297354394258,-0.08925617722873706,factor_sparse,100,252,2.52
17,POET,0.008983595847579767,93.52897607115092,-0.3649311521492987,-0.14296856657169363,factor_sparse,100,252,2.52
18,Sample,0.013216979578471783,47.557667230262744,0.0,0.3207861875659407,factor_sparse,100,252,2.52
18,LW,0.010006903239069435,47.540889996613515,-0.24287518342171135,0.0,factor_sparse,100,252,2.52
18,NLS,0.009094477003800184,52.497859933157535,-0.31190958192796603,-0.09117968001398401,factor_sparse,100,252,2.52
18,POET,0.008612129272569668,47.749308055607884,-0.3484041326206356,-0.13938117849028694,factor_sparse,100,252,2.52
19,Sample,0.013432221411644924,43.12029893056672,0.0,0.3446435162229185,factor_sparse,100,252,2.52
19,LW,0.009989429354016307,44.806109420904676,-0.2563084654518816,0.0,factor_sparse,100,252,2.52
19,NLS,0.009267829069899605,48.46437110097844,-0.3100300549047712,-0.07223638693901752,factor_sparse,100,252,2.52
19,POET,0.008733976745632541,43.19689287388038,-0.34977421247235313,-0.12567811072000865,factor_sparse,100,252,2.52
20,Sample,0.014221468423634183,91.44832782817025,0.0,0.39775419183732835,factor_sparse,100,252,2.52
20,LW,0.010174513163105067,87.45422890120548,-0.2845666242034202,0.0,factor_sparse,100,252,2.52
20,NLS,0.009334840185516322,97.29498911904821,-0.34360925978620727,-0.08252709138296437,factor_sparse,100,252,2.52
20,POET,0.008925248398513995,91.48643324221321,-0.3724102088022484,-0.12278373859902904,factor_sparse,100,252,2.52
21,Sample,0.012612770236925858,112.12453248050522,0.0,0.3024248305435843,factor_sparse,100,252,2.52
21,LW,0.009684067702902862,105.59696814276828,-0.23220137043714323,0.0,factor_sparse,100,252,2.52
21,NLS,0.00898971982472055,106.03748245487556,-0.2872525499273951,-0.07170002311881565,factor_sparse,100,252,2.52
21,POET,0.008721454230540004,112.30786511187283,-0.3085219133694688,-0.0994017701956285,factor_sparse,100,252,2.52
22,Sample,0.014583788381317337,109.26080909697599,0.0,0.3855828689709777,factor_sparse,100,252,2.52
22,LW,0.010525381561730905,108.05915193220902,-0.27828207002684446,0.0,factor_sparse,100,252,2.52
22,NLS,0.009447252850850973,102.77155082042601,-0.35220858916511427,-0.10243131848064171,factor_sparse,100,252,2.52
22,POET,0.008764587150839916,109.18252048557272,-0.3990184908286347,-0.16729031632383173,factor_sparse,100,252,2.52
23,Sample,0.01662403981830083,85.51737168088093,0.0,0.5256564953947795,factor_sparse,100,252,2.52
23,LW,0.010896318973819324,91.47070192685639,-0.34454446133941863,0.0,factor_sparse,100,252,2.52
23,NLS,0.009743456319622227,88.59723719482244,-0.4138935886753596,-0.10580294657003796,factor_sparse,100,252,2.52
23,POET,0.009665620919573487,85.29923407683185,-0.41857568766570574,-0.11294622130674092,factor_sparse,100,252,2.52
24,Sample,0.01431088076351319,77.50913123697967,0.0,0.4432758505515327,factor_sparse,100,252,2.52
24,LW,0.009915554783269212,83.51665473404981,-0.30713175889566746,0.0,factor_sparse,100,252,2.52
24,NLS,0.009022177975363763,75.94314414782629,-0.36955816176132394,-0.09009851969280307,factor_sparse,100,252,2.52
24,POET,0.00866254263936502,77.1278011742951,-0.39468836457285633,-0.12636833453014992,factor_sparse,100,252,2.52
25,Sample,0.013611920706384574,75.69081798311707,0.0,0.3682534051326916,factor_sparse,100,252,2.52
25,LW,0.009948391617607197,82.52235991968507,-0.2691412305288426,0.0,factor_sparse,100,252,2.52
25,NLS,0.009078681251693805,85.52916964679551,-0.3330345182340421,-0.08742220846776201,factor_sparse,100,252,2.52
25,POET,0.00881345899592079,75.55401262173484,-0.352519076034075,-0.11408202102516175,factor_sparse,100,252,2.52
26,Sample,0.014033807891475148,62.352841921597545,0.0,0.3693486613290628,factor_sparse,100,252,2.52
26,LW,0.0102485278496232,56.64534799323719,-0.26972579866590024,0.0,factor_sparse,100,252,2.52
26,NLS,0.009286587673504614,62.54228428356981,-0.33827028663077524,-0.09386130283618767,factor_sparse,100,252,2.52
26,POET,0.008663517973996872,62.6335361727543,-0.3826680512521811,-0.15465732238651264,factor_sparse,100,252,2.52
27,Sample,0.01314320536535183,99.32298821805668,0.0,0.3519849984515217,factor_sparse,100,252,2.52
27,LW,0.009721413610657832,90.73948711481147,-0.2603468225273676,0.0,factor_sparse,100,252,2.52
27,NLS,0.009193626995733253,89.41920360912535,-0.3005034357927992,-0.054291138723482874,factor_sparse,100,252,2.52
27,POET,0.00876082774944488,99.57119938689596,-0.3334329407542997,-0.09881133543786647,factor_sparse,100,252,2.52
28,Sample,0.013098230217476697,65.86472310346407,0.0,0.280018503248245,factor_sparse,100,252,2.52
28,LW,0.010232844434856146,68.99827726049605,-0.2187612933232252,0.0,factor_sparse,100,252,2.52
28,NLS,0.009312217673283068,79.23574857085059,-0.28904764088983803,-0.08996782541100169,factor_sparse,100,252,2.52
28,POET,0.009261910145951489,65.71757489846516,-0.292888429034213,-0.09488410530285818,factor_sparse,100,252,2.52
29,Sample,0.014090098922901056,53.47231277535825,0.0,0.38387948367237984,factor_sparse,100,252,2.52
29,LW,0.010181593909832651,49.73971243069056,-0.2773937240934339,0.0,factor_sparse,100,252,2.52
29,NLS,0.00919544812057903,57.650716053324,-0.34738228802401133,-0.09685573771521892,factor_sparse,100,252,2.52
29,POET,0.008655420582842691,53.74224356316486,-0.3857090265864082,-0.14989532488779497,factor_sparse,100,252,2.52
30,Sample,0.01255250514305836,66.76351941858111,0.0,0.2779303522821608,factor_sparse,100,252,2.52
30,LW,0.009822526807225273,60.29502020323133,-0.21748474146953756,0.0,factor_sparse,100,252,2.52
30,NLS,0.00918428919923049,68.99944353956681,-0.268330178354121,-0.06497692706985608,factor_sparse,100,252,2.52
30,POET,0.008693409526191548,67.13011443873555,-0.30743629043648907,-0.11495181465966238,factor_sparse,100,252,2.52
31,Sample,0.015582572282576722,82.09641991993031,0.0,0.516665097103565,factor_sparse,100,252,2.52
31,LW,0.010274234115583838,89.48256358081309,-0.34065865832230247,0.0,factor_sparse,100,252,2.52
31,NLS,0.009131730984695758,79.96976865044712,-0.4139779479857646,-0.11120080757699925,factor_sparse,100,252,2.52
31,POET,0.008799338171390982,81.55121372973761,-0.4353090098462274,-0.1435528845849202,factor_sparse,100,252,2.52
32,Sample,0.013010946133479475,59.67747306143544,0.0,0.27013147505922613,factor_sparse,100,252,2.52
32,LW,0.010243779001597276,66.39003457300382,-0.21267993145877273,0.0,factor_sparse,100,252,2.52
32,NLS,0.009116074629202952,65.55671962948388,-0.2993534416574308,-0.11008675335718245,factor_sparse,100,252,2.52
32,POET,0.008666492947689492,59.31326144122805,-0.3339075530111475,-0.1539750177802394,factor_sparse,100,252,2.52
33,Sample,0.01629085688259293,49.365515496524615,0.0,0.6136025151580047,factor_sparse,100,252,2.52
33,LW,0.010095954071438542,49.63214453519819,-0.3802686903335178,0.0,factor_sparse,100,252,2.52
33,NLS,0.009219956136989277,50.192605741776966,-0.4340410572975468,-0.08676722657915639,factor_sparse,100,252,2.52
33,POET,0.008712451741463224,49.40768153877239,-0.46519377069891066,-0.1370353232775936,factor_sparse,100,252,2.52
34,Sample,0.01229519177916644,68.09521719630413,0.0,0.2540197202492867,factor_sparse,100,252,2.52
34,LW,0.009804623947000034,64.46343950712836,-0.20256437450504375,0.0,factor_sparse,100,252,2.52
34,NLS,0.009249370992448824,66.61309736917153,-0.2477245447995858,-0.05663174411917176,factor_sparse,100,252,2.52
34,POET,0.008922825846887888,68.19935122593331,-0.2742833127656333,-0.08993696289412033,factor_sparse,100,252,2.52
35,Sample,0.013354834161003479,44.286792415236164,0.0,0.2946414606201234,factor_sparse,100,252,2.52
35,LW,0.010315469237797015,46.16180881829336,-0.22758537369797532,0.0,factor_sparse,100,252,2.52
35,NLS,0.009274694561369281,44.448916534472744,-0.30551780354924435,-0.1008945548123222,factor_sparse,100,252,2.52
35,POET,0.008773974415598813,44.13673084797613,-0.3430113538048204,-0.14943525947903524,factor_sparse,100,252,2.52
36,Sample,0.013573100616352049,52.81451040369756,0.0,0.36142433464379864,factor_sparse,100,252,2.52
36,LW,0.009969779642511898,51.75154716310004,-0.2654751538126144,0.0,factor_sparse,100,252,2.52
36,NLS,0.009186540380040886,44.16086576930542,-0.3231804110423009,-0.07856134142937524,factor_sparse,100,252,2.52
36,POET,0.008743364118679126,52.84165014067685,-0.355831481264815,-0.12301330298246946,factor_sparse,100,252,2.52
37,Sample,0.013380355028367936,70.07619948779838,0.0,0.2928670015818871,factor_sparse,100,252,2.52
37,LW,0.010349366958856871,76.14462177029563,-0.22652523517388082,0.0,factor_sparse,100,252,2.52
37,NLS,0.009321120987000392,70.84257206381108,-0.30337267081190955,-0.0993535136925953,factor_sparse,100,252,2.52
37,POET,0.009259516980556444,69.84297166837908,-0.3079767344793788,-0.10530595568144831,factor_sparse,100,252,2.52
38,Sample,0.01447094492267876,40.268907672565646,0.0,0.43056742103850887,factor_sparse,100,252,2.52
38,LW,0.01011552808337666,42.686589319586446,-0.30097667170830855,0.0,factor_sparse,100,252,2.52
38,NLS,0.009214793603125682,43.15505032445418,-0.3632210161560131,-0.08904473131078534,factor_sparse,100,252,2.52
38,POET,0.008824078069200682,40.16701072680353,-0.3902210176080726,-0.12767005375609408,factor_sparse,100,252,2.52
39,Sample,0.014732113571995088,132.36558688276116,0.0,0.39764909694418205,factor_sparse,100,252,2.52
39,LW,0.01054063827909692,139.61416117966832,-0.28451282787188964,0.0,factor_sparse,100,252,2.52
39,NLS,0.009392457674808506,142.7451674753027,-0.36245009048375554,-0.10892894470777592,factor_sparse,100,252,2.52
39,POET,0.008611695672471466,132.10807624058603,-0.4154473741743472,-0.183000550398426,factor_sparse,100,252,2.52
40,Sample,0.013485525035031847,56.4204814029206,0.0,0.30138818855021776,factor_sparse,100,252,2.52
40,LW,0.010362415421992644,61.735819492225716,-0.23158976791234942,0.0,factor_sparse,100,252,2.52
40,NLS,0.009367296845057072,65.94446782903789,-0.30538137590317777,-0.0960315270533919,factor_sparse,100,252,2.52
40,POET,0.00879371870051525,56.0795374064682,-0.34791425045213425,-0.151383307616492,factor_sparse,100,252,2.52
41,Sample,0.013640154078800905,59.62211742887585,0.0,0.3576462369299619,factor_sparse,100,252,2.52
41,LW,0.010046913332625819,60.51985557330333,-0.2634310965562762,0.0,factor_sparse,100,252,2.52
41,NLS,0.009170353024445401,55.03563001967225,-0.32769432284510086,-0.08724672734400139,factor_sparse,100,252,2.52
41,POET,0.008622223505597514,59.39284091298176,-0.36787931750727804,-0.14180373412815678,factor_sparse,100,252,2.52
42,Sample,0.014427900730634026,65.89647742261397,0.0,0.4720686253650743,factor_sparse,100,252,2.52
42,LW,0.00980110606396213,73.92379437552619,-0.32068384396685373,0.0,factor_sparse,100,252,2.52
42,NLS,0.009246738807134561,72.29817129808592,-0.3591071230826095,-0.056561703669949184,factor_sparse,100,252,2.52
42,POET,0.008723931619801976,65.6951348735511,-0.395342968968528,-0.1099033555121739,factor_sparse,100,252,2.52
43,Sample,0.013801637524302572,35.72198546793914,0.0,0.3155336279346034,factor_sparse,100,252,2.52
43,LW,0.010491284472880587,37.50208399014613,-0.2398521947553658,0.0,factor_sparse,100,252,2.52
43,NLS,0.009280230300898057,37.042342652853826,-0.3275993312708734,-0.11543430884111863,factor_sparse,100,252,2.52
43,POET,0.008607149113444798,35.643165033841,-0.37636754346801776,-0.1795905319607126,factor_sparse,100,252,2.52
44,Sample,0.015455250645943733,68.42965001419053,0.0,0.4920371745106445,factor_sparse,100,252,2.52
44,LW,0.010358488990740272,74.90392645887407,-0.3297754123800715,0.0,factor_sparse,100,252,2.52
44,NLS,0.009308758931931596,69.53430927704127,-0.3976960228480861,-0.10134007573373462,factor_sparse,100,252,2.52
44,POET,0.008696601989255216,68.18462041829055,-0.437304370632277,-0.16043720304869377,factor_sparse,100,252,2.52
45,Sample,0.014323365083820898,56.848937010857014,0.0,0.367652471279056,factor_sparse,100,252,2.52
45,LW,0.0104729566791375,64.7143223989982,-0.26882009794141637,0.0,factor_sparse,100,252,2.52
45,NLS,0.00943531097186074,58.64983348722711,-0.3412643665336373,-0.09907858297015464,factor_sparse,100,252,2.52
45,POET,0.008726616567020716,56.37813910171183,-0.390742572296928,-0.16674757335677276,factor_sparse,100,252,2.52
46,Sample,0.01583998844832455,128.93129455506295,0.0,0.5448794247440519,factor_sparse,100,252,2.52
46,LW,0.010253219891868805,117.36960861034872,-0.35270029234438466,0.0,factor_sparse,100,252,2.52
46,NLS,0.009420934616716796,123.2759590841068,-0.4052435929829683,-0.0811730640646889,factor_sparse,100,252,2.52
46,POET,0.008832032262926117,129.18790321952326,-0.44242179899693607,-0.13860890958456326,factor_sparse,100,252,2.52
47,Sample,0.01343228383525889,124.39633908290264,0.0,0.3063469348857657,factor_sparse,100,252,2.52
47,LW,0.010282325067370778,133.2343954065267,-0.23450656690410837,0.0,factor_sparse,100,252,2.52
47,NLS,0.009325467709224187,126.98773857868746,-0.3057422085777083,-0.09305846215492797,factor_sparse,100,252,2.52
47,POET,0.008794114436906248,123.98276399381731,-0.34530013326384174,-0.14473483581910038,factor_sparse,100,252,2.52
48,Sample,0.014139764799864445,102.23881440388416,0.0,0.41682779791903685,factor_sparse,100,252,2.52
48,LW,0.009979875338860656,111.12261453202225,-0.29419792478045104,0.0,factor_sparse,100,252,2.52
48,NLS,0.00915146009323558,97.23265181617512,-0.35278555034215886,-0.0830085765098996,factor_sparse,100,252,2.52
48,POET,0.00870573074335076,101.82600993123555,-0.38430865954473165,-0.1276713939049421,factor_sparse,100,252,2.52
49,Sample,0.014723956264202304,44.03756332815947,0.0,0.46964321725044694,factor_sparse,100,252,2.52
49,LW,0.010018728417465383,45.494910017107856,-0.3195627426696812,0.0,factor_sparse,100,252,2.52
49,NLS,0.009142095436557394,40.792948013330616,-0.3791006117843367,-0.08749942551389835,factor_sparse,100,252,2.52
49,POET,0.008584250143584311,43.99396133476821,-0.4169875277030798,-0.14317967451641708,factor_sparse,100,252,2.52
0,Sample,0.010784974150158298,44.818774862364165,0.0,0.0946159912836581,factor_sparse,100,504,5.04
0,LW,0.009852746749579951,42.80708512555219,-0.08643761103170232,0.0,factor_sparse,100,504,5.04
0,NLS,0.009173080465248248,49.165896384101075,-0.1494573526526618,-0.06898241694486656,factor_sparse,100,504,5.04
0,POET,0.008570014691382091,45.02969898083734,-0.2053745728026336,-0.1301903003091545,factor_sparse,100,504,5.04
1,Sample,0.010773327831114392,38.14211814430571,0.0,0.09071533656087219,factor_sparse,100,504,5.04
1,LW,0.009877304801712705,37.244157000719,-0.08317049693910618,0.0,factor_sparse,100,504,5.04
1,NLS,0.00914734838710838,36.32573011788446,-0.15092638685978063,-0.07390238827880985,factor_sparse,100,504,5.04
1,POET,0.008762136064277122,38.11337791855411,-0.18668249944355703,-0.11290212864973194,factor_sparse,100,504,5.04
2,Sample,0.011545467039217801,24.06395823544167,0.0,0.18323293889642062,factor_sparse,100,504,5.04
2,LW,0.009757560544237421,20.317364712315207,-0.15485787529488368,0.0,factor_sparse,100,504,5.04
2,NLS,0.009138450032942112,24.64457387929117,-0.20848156233953125,-0.06344931281630024,factor_sparse,100,504,5.04
2,POET,0.008624348001468359,24.302264718857483,-0.2530100365647353,-0.11613687023836199,factor_sparse,100,504,5.04
3,Sample,0.010598213083458584,41.27113637740587,0.0,0.09834874717996125,factor_sparse,100,504,5.04
3,LW,0.009649223992534038,41.36449091534912,-0.08954236751530349,0.0,factor_sparse,100,504,5.04
3,NLS,0.009028267062635686,44.4803241661857,-0.1481330870081513,-0.06435304335134194,factor_sparse,100,504,5.04
3,POET,0.008590915572012501,41.37193849396307,-0.18939961818459955,-0.10967808616945666,factor_sparse,100,504,5.04
4,Sample,0.010431233674487268,54.63056027189848,0.0,0.08618344558575394,factor_sparse,100,504,5.04
4,LW,0.00960356532488114,53.72101428261925,-0.07934520263221023,0.0,factor_sparse,100,504,5.04
4,NLS,0.009101422020949334,54.19918431123142,-0.1274836414402632,-0.052287175329649944,factor_sparse,100,504,5.04
4,POET,0.008625068589472991,54.699978795844224,-0.17314970993620815,-0.10188890295493047,factor_sparse,100,504,5.04
5,Sample,0.010793793823082428,37.39235694764348,0.0,0.11195106716845606,factor_sparse,100,504,5.04
5,LW,0.009707076275009512,42.12112617358659,-0.10067985046638381,0.0,factor_sparse,100,504,5.04
5,NLS,0.008993653558691932,37.87754510048578,-0.16677549098083685,-0.0734951180052287,factor_sparse,100,504,5.04
5,POET,0.008518208028294756,36.980621529564004,-0.21082353731098258,-0.12247439012871983,factor_sparse,100,504,5.04
6,Sample,0.010202164758853462,46.40881830054072,0.0,0.06728268916133145,factor_sparse,100,504,5.04
6,LW,0.009559008932179255,48.35762845869607,-0.06304111351623444,0.0,factor_sparse,100,504,5.04
6,NLS,0.009066225984268327,48.94655729743354,-0.11134291608056661,-0.05155167773220014,factor_sparse,100,504,5.04
6,POET,0.0086748808124952,46.20945799878374,-0.1497019487979628,-0.09249160932445025,factor_sparse,100,504,5.04
7,Sample,0.010578953531721511,40.645836395219554,0.0,0.09331249995586,factor_sparse,100,504,5.04
7,LW,0.00967605650913953,41.897485125185824,-0.08534842504739246,0.0,factor_sparse,100,504,5.04
7,NLS,0.00909200564397015,40.87005638258429,-0.14055718113258317,-0.060360423134953156,factor_sparse,100,504,5.04
7,POET,0.008743107716132842,40.544361143837044,-0.17353756305704482,-0.09641828694628538,factor_sparse,100,504,5.04
8,Sample,0.011000459854431429,30.401541829443705,0.0,0.09979890343873515,factor_sparse,100,504,5.04
8,LW,0.01000224661075434,29.671238840081646,-0.09074286501531732,0.0,factor_sparse,100,504,5.04
8,NLS,0.009301726313033517,33.51680138395978,-0.15442386626351745,-0.07003629534265124,factor_sparse,100,504,5.04
8,POET,0.008587551335147542,30.370714502777066,-0.21934615018042813,-0.14143775200320782,factor_sparse,100,504,5.04
9,Sample,0.01111872298035087,46.05468044146304,0.0,0.11158472805050862,factor_sparse,100,504,5.04
9,LW,0.010002587027127322,47.8911323778753,-0.10038346626640447,0.0,factor_sparse,100,504,5.04
9,NLS,0.009283862436837504,58.728123827593315,-0.16502439594510548,-0.07185387023783092,factor_sparse,100,504,5.04
9,POET,0.00865246779121365,45.934452089190856,-0.22181101134506293,-0.13497700467410143,factor_sparse,100,504,5.04
10,Sample,0.010658334557467772,47.54436503842805,0.0,0.09692682212664014,factor_sparse,100,504,5.04
10,LW,0.009716541106000294,50.8583632338497,-0.08836215887102261,0.0,factor_sparse,100,504,5.04
10,NLS,0.00901094375930957,48.53919858317568,-0.15456362241922267,-0.07261816103005968,factor_sparse,100,504,5.04
10,POET,0.008551758492941788,47.24092425883687,-0.1976458942218144,-0.11987626052847279,factor_sparse,100,504,5.04
11,Sample,0.010295338102070353,41.442128808665245,0.0,0.09586167138118806,factor_sparse,100,504,5.04
11,LW,0.00939474239398705,45.58306184549254,-0.08747606918340994,0.0,factor_sparse,100,504,5.04
11,NLS,0.008880850196603698,43.73585046214755,-0.13739110764921916,-0.054699977480197975,factor_sparse,100,504,5.04
11,POET,0.008485404357981566,41.03295351479289,-0.17580129240484255,-0.09679222674455565,factor_sparse,100,504,5.04
12,Sample,0.010815377861506367,57.42688585238678,0.0,0.10535275809977522,factor_sparse,100,504,5.04
12,LW,0.009784548672135409,59.920587832306474,-0.09531143549222094,0.0,factor_sparse,100,504,5.04
12,NLS,0.009107682259043574,55.69608215041518,-0.15789514008019553,-0.06917707047841928,factor_sparse,100,504,5.04
12,POET,0.008622033023171011,57.09280508600562,-0.20279872478074165,-0.11881137167573477,factor_sparse,100,504,5.04
13,Sample,0.010379069484553794,27.9034240511407,0.0,0.09179160455245247,factor_sparse,100,504,5.04
13,LW,0.009506456581344006,26.314366925178174,-0.08407429052367528,0.0,factor_sparse,100,504,5.04
13,NLS,0.008969932227862938,31.501875893062724,-0.135767205218921,-0.05643789027911539,factor_sparse,100,504,5.04
13,POET,0.008531928974477847,28.114989812334443,-0.17796783351579593,-0.10251218196048208,factor_sparse,100,504,5.04
14,Sample,0.010853317303571032,42.52464260284134,0.0,0.09581715745090656,factor_sparse,100,504,5.04
14,LW,0.00990431408175617,44.37384226824954,-0.08743900093132027,0.0,factor_sparse,100,504,5.04
14,NLS,0.009246675748668831,38.553735300398024,-0.14803230293226322,-0.06639917995923762,factor_sparse,100,504,5.04
14,POET,0.008652558538226055,42.21775069136904,-0.20277291299876293,-0.12638487967943782,factor_sparse,100,504,5.04
15,Sample,0.010567164492100618,43.732765474813306,0.0,0.1034585896503167,factor_sparse,100,504,5.04
15,LW,0.009576403311563623,40.08188674679258,-0.09375847052230793,0.0,factor_sparse,100,504,5.04
15,NLS,0.009098097236281045,49.95080654486566,-0.13902189720977282,-0.0499463169752905,factor_sparse,100,504,5.04
15,POET,0.008705554015952195,44.03312094943636,-0.1761693477507662,-0.09093699035835996,factor_sparse,100,504,5.04
16,Sample,0.010146167263039229,57.35667501709239,0.0,0.07530829248989981,factor_sparse,100,504,5.04
16,LW,0.00943558915513016,54.98996849609757,-0.07003414092113232,0.0,factor_sparse,100,504,5.04
16,NLS,0.008991239249300014,55.03214992799243,-0.11382899412139809,-0.04709296881462362,factor_sparse,100,504,5.04
16,POET,0.008527619220751983,57.51438538004315,-0.1595230987550681,-0.09622821844511012,factor_sparse,100,504,5.04
17,Sample,0.01094840396636596,76.81439127406344,0.0,0.10151957542146776,factor_sparse,100,504,5.04
17,LW,0.009939363957446547,79.45089107964145,-0.09216320589003055,0.0,factor_sparse,100,504,5.04
17,NLS,0.009250930414214369,82.75010581093348,-0.15504301424813283,-0.06926333980520008,factor_sparse,100,504,5.04
17,POET,0.008713262855752885,76.59885676354419,-0.20415223236916905,-0.12335810489916414,factor_sparse,100,504,5.04
18,Sample,0.01021995065821459,32.36493143528716,0.0,0.07827794442302825,factor_sparse,100,504,5.04
18,LW,0.009478029956073289,32.59759852782413,-0.07259533112764696,0.0,factor_sparse,100,504,5.04
18,NLS,0.008940585486852353,36.00486261777514,-0.12518310646968828,-0.05670423829759632,factor_sparse,100,504,5.04
18,POET,0.008512792283838744,32.55376133537209,-0.16704174329879637,-0.10183948317403704,factor_sparse,100,504,5.04
19,Sample,0.010453796137951239,32.13489222383073,0.0,0.08145652110904668,factor_sparse,100,504,5.04
19,LW,0.009666404459081485,35.36399889689394,-0.07532112435321213,0.0,factor_sparse,100,504,5.04
19,NLS,0.009130544741567614,32.736454618375355,-0.1265809452300032,-0.055435267558087364,factor_sparse,100,504,5.04
19,POET,0.008618003825676427,31.896087731763657,-0.17561011215917918,-0.10845817985818873,factor_sparse,100,504,5.04
20,Sample,0.010558018621098723,74.12617267504704,0.0,0.07960099709351312,factor_sparse,100,504,5.04
20,LW,0.009779556196708668,71.96268755192303,-0.07373186696549357,0.0,factor_sparse,100,504,5.04
20,NLS,0.009162933919767526,73.0530770448219,-0.13213508626924714,-0.06305217379380347,factor_sparse,100,504,5.04
20,POET,0.008636726092393016,74.1584466731072,-0.1819747243925364,-0.11685909680648643,factor_sparse,100,504,5.04
21,Sample,0.009870623291637457,72.74037118320533,0.0,0.0671663504711319,factor_sparse,100,504,5.04
21,LW,0.009249376432530675,68.24842605095047,-0.06293896958190195,0.0,factor_sparse,100,504,5.04
21,NLS,0.008889986013395839,69.86630361678299,-0.0993490734341396,-0.03885563764826734,factor_sparse,100,504,5.04
21,POET,0.008608290530962551,73.04229561889933,-0.12788784693509417,-0.06931125641220327,factor_sparse,100,504,5.04
22,Sample,0.010319812806941499,40.258483604503986,0.0,0.07079495897658539,factor_sparse,100,504,5.04
22,LW,0.009637524645058735,38.44456800304312,-0.06611439322075985,0.0,factor_sparse,100,504,5.04
22,NLS,0.009084081436325558,34.03381124892432,-0.11974358389376415,-0.05742586702664711,factor_sparse,100,504,5.04
22,POET,0.008560345302542906,40.32687095586615,-0.1704941298174622,-0.11176929576705269,factor_sparse,100,504,5.04
23,Sample,0.01100690613049982,49.68971985803652,0.0,0.09618679426759467,factor_sparse,100,504,5.04
23,LW,0.010041086234626613,50.62626476577647,-0.08774671868936429,0.0,factor_sparse,100,504,5.04
23,NLS,0.009326890654148568,55.45891221785521,-0.1526328521777775,-0.07112732266108289,factor_sparse,100,504,5.04
23,POET,0.008675748703062588,49.670350857405424,-0.21179043409643167,-0.13597508274111503,factor_sparse,100,504,5.04
24,Sample,0.010087292475602205,39.76129089596176,0.0,0.06945221662816616,factor_sparse,100,504,5.04
24,LW,0.00943220493516394,43.886098347647135,-0.06494186046679049,0.0,factor_sparse,100,504,5.04
24,NLS,0.00897365932068502,38.624113222096895,-0.11039960996577539,-0.04861489096461732,factor_sparse,100,504,5.04
24,POET,0.008611811581973028,39.32246635969278,-0.14627125139851682,-0.0869778974089534,factor_sparse,100,504,5.04
25,Sample,0.010576105178592763,65.6959697475634,0.0,0.10776670878551683,factor_sparse,100,504,5.04
25,LW,0.009547231465538186,64.17831968577515,-0.09728285561466748,0.0,factor_sparse,100,504,5.04
25,NLS,0.008956509003618744,65.10938005708553,-0.15313729843120938,-0.06187369228992946,factor_sparse,100,504,5.04
25,POET,0.008576541740401086,65.92459848627169,-0.18906425422461004,-0.10167237786586766,factor_sparse,100,504,5.04
26,Sample,0.011202926359423555,49.60035468265708,0.0,0.12795217751869065,factor_sparse,100,504,5.04
26,LW,0.00993209338366468,50.07997688613186,-0.11343759076751322,0.0,factor_sparse,100,504,5.04
26,NLS,0.009139069329942176,50.96907025166662,-0.18422481441604113,-0.0798446030548596,factor_sparse,100,504,5.04
26,POET,0.008557073399990478,49.69461149756488,-0.23617516303742078,-0.1384421119051999,factor_sparse,100,504,5.04
27,Sample,0.010355498568791916,43.20087809618996,0.0,0.10857528591961833,factor_sparse,100,504,5.04
27,LW,0.009341267751789645,39.45432455262355,-0.09794128310333902,0.0,factor_sparse,100,504,5.04
27,NLS,0.008872546929822351,39.42941343134837,-0.14320427250491788,-0.05017743141743193,factor_sparse,100,504,5.04
27,POET,0.008576554902974499,43.46382092955121,-0.17178735084552768,-0.08186392566133631,factor_sparse,100,504,5.04
28,Sample,0.010014207695804836,33.38310505219639,0.0,0.060273503131629574,factor_sparse,100,504,5.04
28,LW,0.009444928753031004,32.90580415776982,-0.05684712760774029,0.0,factor_sparse,100,504,5.04
28,NLS,0.008973611611006719,36.05491609242914,-0.10391197350880245,-0.049901609037869485,factor_sparse,100,504,5.04
28,POET,0.008528500374710826,33.37847489171572,-0.14835994681001116,-0.0970286173970432,factor_sparse,100,504,5.04
29,Sample,0.010399280734545718,53.08357768035283,0.0,0.0794589622059386,factor_sparse,100,504,5.04
29,LW,0.009633789795300943,50.85438012317199,-0.07360998888142953,0.0,factor_sparse,100,504,5.04
29,NLS,0.009077171699446085,52.91749753355125,-0.12713466141054114,-0.05777768746068753,factor_sparse,100,504,5.04
29,POET,0.008587400806482685,53.20444989204396,-0.1742312737114682,-0.10861654769846173,factor_sparse,100,504,5.04
30,Sample,0.010271426980946853,30.827206169501384,0.0,0.0795688314210861,factor_sparse,100,504,5.04
30,LW,0.009514378965004113,29.415176103135753,-0.0737042688758863,0.0,factor_sparse,100,504,5.04
30,NLS,0.009082655216010031,32.022772214371045,-0.11573579475782218,-0.045375925279206655,factor_sparse,100,504,5.04
30,POET,0.008672376210692919,30.974342854754585,-0.15567951495153684,-0.08849792061134605,factor_sparse,100,504,5.04
31,Sample,0.010458434410258344,27.632490988034597,0.0,0.10537381094922126,factor_sparse,100,504,5.04
31,LW,0.00946144580834364,29.484990448000747,-0.09532866610864724,0.0,factor_sparse,100,504,5.04
31,NLS,0.00890616574613671,27.47055347253862,-0.14842266090984543,-0.0586887113719186,factor_sparse,100,504,5.04
31,POET,0.00859627368560511,27.40372530513938,-0.17805348789362768,-0.091441851516559,factor_sparse,100,504,5.04
32,Sample,0.010455079645680182,35.56297428950572,0.0,0.08223182842258249,factor_sparse,100,504,5.04
32,LW,0.009660665461039974,39.03222880578414,-0.0759835612508646,0.0,factor_sparse,100,504,5.04
32,NLS,0.00901374848201918,36.24272385143426,-0.137859414993221,-0.06696401833079864,factor_sparse,100,504,5.04
32,POET,0.008713745202306899,35.24453036497388,-0.16655391468899672,-0.09801811920222926,factor_sparse,100,504,5.04
33,Sample,0.011155284420804655,46.815181966094144,0.0,0.12883426315387314,factor_sparse,100,504,5.04
33,LW,0.009882127771031398,47.387414045888974,-0.11413036205502876,0.0,factor_sparse,100,504,5.04
33,NLS,0.00914460352421459,46.20507351235725,-0.1802447002462919,-0.07463213023604053,factor_sparse,100,504,5.04
33,POET,0.008642948153093192,46.76266083040357,-0.2252149002158963,-0.12539603278261122,factor_sparse,100,504,5.04
34,Sample,0.010359339698945902,45.90043727325366,0.0,0.07954364846400114,factor_sparse,100,504,5.04
34,LW,0.009596035985840315,46.21459995924188,-0.07368266079577016,0.0,factor_sparse,100,504,5.04
34,NLS,0.009086340129544877,45.249452885478355,-0.12288423841633044,-0.05311525061468439,factor_sparse,100,504,5.04
34,POET,0.008900217416531601,45.85060242609723,-0.14085089637158738,-0.07251104209440724,factor_sparse,100,504,5.04
35,Sample,0.010359048766877715,53.40821591139494,0.0,0.08630269580742772,factor_sparse,100,504,5.04
35,LW,0.009536060995575487,50.86016809018816,-0.07944626865100488,0.0,factor_sparse,100,504,5.04
35,NLS,0.008945141296693628,53.680744645257526,-0.1364900872660191,-0.06196685394063988,factor_sparse,100,504,5.04
35,POET,0.008536429138676636,53.70949664198701,-0.1759446904071703,-0.10482649569488466,factor_sparse,100,504,5.04
36,Sample,0.010526637853421315,27.696187026242193,0.0,0.08354397335152405,factor_sparse,100,504,5.04
36,LW,0.009715007523747498,31.997666025086048,-0.07710252228445616,0.0,factor_sparse,100,504,5.04
36,NLS,0.009077165043217001,28.81634637839684,-0.13769570402131895,-0.06565537689717131,factor_sparse,100,504,5.04
36,POET,0.008655524316717936,27.285346041339054,-0.1777503475238524,-0.10905634446908523,factor_sparse,100,504,5.04
37,Sample,0.01042944524338714,38.27336951055051,0.0,0.09153085190034704,factor_sparse,100,504,5.04
37,LW,0.00955487902630471,39.46329888256573,-0.08385548767677296,0.0,factor_sparse,100,504,5.04
37,NLS,0.009012391451367624,38.83191700256707,-0.13587048581687586,-0.056775975231461474,factor_sparse,100,504,5.04
37,POET,0.008619364679087188,38.214214179389984,-0.1735548269403538,-0.09790959620127462,factor_sparse,100,504,5.04
38,Sample,0.010692205228712736,40.20085721860983,0.0,0.08125703836230153,factor_sparse,100,504,5.04
38,LW,0.009888680350148206,40.99862705304241,-0.07515052894857954,0.0,factor_sparse,100,504,5.04
38,NLS,0.009242162387578263,40.768751624151676,-0.1356168171221165,-0.06537959967128004,factor_sparse,100,504,5.04
38,POET,0.008991747031157415,40.13936877381004,-0.1590371828057442,-0.09070303490772137,factor_sparse,100,504,5.04
39,Sample,0.010385008845254177,74.97468957231757,0.0,0.0792771817007269,factor_sparse,100,504,5.04
39,LW,0.009622188832797763,78.59607953018948,-0.0734539588577253,0.0,factor_sparse,100,504,5.04
39,NLS,0.008985984626729672,75.08094091591387,-0.13471574645445214,-0.0661184494633439,factor_sparse,100,504,5.04
39,POET,0.008520527854047083,74.74455340554489,-0.17953581157122836,-0.11449172302622121,factor_sparse,100,504,5.04
40,Sample,0.010621433759364387,23.943378812984783,0.0,0.08818322639630505,factor_sparse,100,504,5.04
40,LW,0.009760703438279401,25.34177972386594,-0.08103711236970457,0.0,factor_sparse,100,504,5.04
40,NLS,0.009180499509207282,24.64294303828484,-0.13566287591698298,-0.05944283962123907,factor_sparse,100,504,5.04
40,POET,0.008776273282025387,23.81823495545197,-0.17372047118518386,-0.10085647642907468,factor_sparse,100,504,5.04
41,Sample,0.011074854623183944,41.38106541337459,0.0,0.12047213002577294,factor_sparse,100,504,5.04
41,LW,0.009884096468271104,42.97476040721681,-0.10751907771503594,0.0,factor_sparse,100,504,5.04
41,NLS,0.009109079026240405,41.4225202236662,-0.1774989978494537,-0.07841055017204453,factor_sparse,100,504,5.04
41,POET,0.008622597349850403,41.108386956094,-0.22142568519139025,-0.12762917910304034,factor_sparse,100,504,5.04
42,Sample,0.010392201542137774,31.145401985093557,0.0,0.08540435063454183,factor_sparse,100,504,5.04
42,LW,0.009574497776853718,30.854449760417133,-0.07868436365177024,0.0,factor_sparse,100,504,5.04
42,NLS,0.009240698902949639,31.700772860803653,-0.1108044945547948,-0.03486332982509385,factor_sparse,100,504,5.04
42,POET,0.008659827290437112,31.225790968652188,-0.16669944714566193,-0.09553195454573248,factor_sparse,100,504,5.04
43,Sample,0.011473662486778146,24.06709945145348,0.0,0.09262636309330508,factor_sparse,100,504,5.04
43,LW,0.010500993637290033,24.616752014179543,-0.08477405105902175,0.0,factor_sparse,100,504,5.04
43,NLS,0.009506931565862926,25.357952784021364,-0.17141265251454046,-0.09466362001183375,factor_sparse,100,504,5.04
43,POET,0.008836055778853033,23.969081965298365,-0.22988358869407222,-0.15855050635633627,factor_sparse,100,504,5.04
44,Sample,0.010843006857964277,39.15177927072699,0.0,0.10316967227794467,factor_sparse,100,504,5.04
44,LW,0.00982895662421036,39.3805820303155,-0.09352112813698796,0.0,factor_sparse,100,504,5.04
44,NLS,0.009152208171333316,40.85583107384247,-0.15593448466640555,-0.06885252206832414,factor_sparse,100,504,5.04
44,POET,0.008616474801947398,39.328703043195645,-0.20534267709897025,-0.12335814152200215,factor_sparse,100,504,5.04
45,Sample,0.011046199538268091,42.25343879905977,0.0,0.10520527529286221,factor_sparse,100,504,5.04
45,LW,0.009994703957001128,46.51657871047337,-0.09519071039991593,0.0,factor_sparse,100,504,5.04
45,NLS,0.009270479138246754,44.451624873137106,-0.1607539673595058,-0.0724608574571202,factor_sparse,100,504,5.04
45,POET,0.008855762555379796,41.979866039617036,-0.1982977924036061,-0.11395449095053212,factor_sparse,100,504,5.04
46,Sample,0.01041018878755278,52.20685822993692,0.0,0.0891372616391406,factor_sparse,100,504,5.04
46,LW,0.009558197257786913,48.946954261169,-0.08184208251675268,0.0,factor_sparse,100,504,5.04
46,NLS,0.009076210982426744,48.79611184235348,-0.12814155750191997,-0.05042648340067499,factor_sparse,100,504,5.04
46,POET,0.008601556702555524,52.40198319470386,-0.17373672292665776,-0.10008587701535754,factor_sparse,100,504,5.04
47,Sample,0.010303257880303361,63.57505777843596,0.0,0.06918326712846173,factor_sparse,100,504,5.04
47,LW,0.00963656858190003,67.16711629359293,-0.0647066496974549,0.0,factor_sparse,100,504,5.04
47,NLS,0.009079244339244282,64.05637147858188,-0.11879869020836738,-0.05783430459910251,factor_sparse,100,504,5.04
47,POET,0.00854214279707707,63.23551639768304,-0.17092798255520691,-0.11357007170359111,factor_sparse,100,504,5.04
48,Sample,0.010494661072890637,50.77272146319259,0.0,0.09291490231552205,factor_sparse,100,504,5.04
48,LW,0.009602450337767333,54.219519300665596,-0.08501567882244662,0.0,factor_sparse,100,504,5.04
48,NLS,0.009097114052404657,50.6345144221893,-0.13316742777868873,-0.052625764006832894,factor_sparse,100,504,5.04
48,POET,0.0088804227282489,50.59566663610448,-0.15381519550084086,-0.07519201704992236,factor_sparse,100,504,5.04
49,Sample,0.010631185491930482,33.48001546098254,0.0,0.08940732750162714,factor_sparse,100,504,5.04
49,LW,0.00975868733718849,34.56080472428253,-0.08206969536974552,0.0,factor_sparse,100,504,5.04
49,NLS,0.009080348852549503,30.704944741658032,-0.14587617162339317,-0.06951124277278233,factor_sparse,100,504,5.04
49,POET,0.008631874392193286,33.392194335049126,-0.18806097412699246,-0.11546767572941238,factor_sparse,100,504,5.04
